from_stop_id,to_stop_id,transfer_type,from_trip_id,to_trip_id
U461Z301,U461Z2P,1,1309_62_180430,209_2_180430
U461Z301,U461Z2P,1,1309_93_180430,209_4_180430
U461Z301,U461Z2P,1,1309_66_180430,209_6_180430
U461Z301,U461Z2P,1,1309_81_180430,209_8_180430
U461Z301,U461Z2P,1,1309_70_180430,209_10_180430
U461Z301,U461Z2P,1,1309_58_180430,209_12_180501
U461Z301,U461Z2P,1,1309_12_180430,209_14_180430
U461Z301,U461Z2P,1,1309_48_180430,209_17_180430
U461Z301,U461Z2P,1,1309_77_180430,209_19_180430
U461Z301,U461Z2P,1,1309_52_180430,209_21_180430
U461Z301,U461Z2P,1,1309_99_180430,209_23_180430
U461Z301,U461Z2P,1,1309_24_180430,209_25_180430
U461Z301,U461Z2P,1,1309_26_180430,209_27_180430
U461Z301,U461Z2P,1,1309_91_180430,209_31_180430
U461Z301,U461Z2P,1,1309_50_180430,209_33_180430
U461Z301,U461Z2P,1,1309_79_180430,209_35_180430
U461Z301,U461Z2P,1,1309_68_180430,209_37_180430
U461Z301,U461Z2P,1,1309_56_180430,209_39_180430
U461Z301,U461Z2P,1,1309_103_180430,209_41_180430
U461Z301,U461Z2P,1,1309_75_180430,209_42_180430
U461Z301,U461Z2P,1,1309_18_180430,209_44_180430
U461Z301,U461Z2P,1,1309_97_180430,209_46_180430
U461Z301,U461Z2P,1,1309_22_180430,209_48_180430
U461Z301,U461Z2P,1,1309_85_180430,209_50_180430
U461Z301,U461Z2P,1,1309_14_180430,209_52_180430
U461Z301,U461Z2P,1,1309_64_180430,209_54_180430
U461Z301,U461Z2P,1,1309_83_180430,209_56_180430
U461Z301,U461Z2P,1,1309_72_180430,209_58_180430
U461Z301,U461Z2P,1,1309_73_180430,209_59_180430
U461Z301,U461Z2P,1,1309_16_180430,209_61_180430
U461Z301,U461Z2P,1,1309_54_180430,209_63_180430
U461Z301,U461Z2P,1,1309_101_180430,209_65_180430
U461Z301,U461Z2P,1,1309_95_180430,209_68_180430
U461Z301,U461Z2P,1,1309_20_180430,209_70_180430
U461Z301,U461Z2P,1,1309_62_180430,209_72_180501
U461Z301,U461Z2P,1,1309_16_180430,209_74_180501
U461Z301,U461Z2P,1,1309_135_180501,209_74_180501
U461Z301,U461Z2P,1,1309_143_180501,209_76_180501
U461Z301,U461Z2P,1,1309_81_180430,209_78_180501
U461Z301,U461Z2P,1,1309_70_180430,209_80_180501
U461Z301,U461Z2P,1,1309_12_180430,209_82_180501
U461Z301,U461Z2P,1,1309_48_180430,209_84_180501
U461Z301,U461Z2P,1,1309_131_180501,209_84_180501
U461Z301,U461Z2P,1,1309_140_180501,209_86_180501
U461Z301,U461Z2P,1,1309_133_180501,209_88_180501
U461Z301,U461Z2P,1,1309_54_180430,209_90_180501
U461Z301,U461Z2P,1,1309_101_180430,209_92_180501
U461Z301,U461Z2P,1,1309_26_180430,209_27_180501
U461Z301,U461Z2P,1,1309_138_180501,209_94_180501
U461Z301,U461Z2P,1,1309_97_180430,209_96_180501
U461Z301,U461Z2P,1,1309_22_180430,209_98_180501
U461Z301,U461Z2P,1,1309_85_180430,209_50_180501
U454Z301,U454Z2P,1,1301_59_180430,210_17_180430
U454Z301,U454Z2P,1,1301_20_180430,210_19_180430
U454Z301,U454Z2P,1,1301_7_180430,210_21_180430
U454Z301,U454Z2P,1,1301_26_180430,210_51_180430
U454Z301,U454Z2P,1,1301_13_180430,210_53_180430
U454Z301,U454Z2P,1,1301_61_180430,210_23_180611
U454Z301,U454Z2P,1,1301_36_180430,210_25_180611
U454Z301,U454Z2P,1,1301_22_180430,210_27_180611
U454Z301,U454Z2P,1,1301_76_180430,210_29_180611
U454Z301,U454Z2P,1,1301_9_180430,210_31_180611
U454Z301,U454Z2P,1,1301_38_180430,210_33_180611
U454Z301,U454Z2P,1,1301_63_180430,210_35_180611
U454Z301,U454Z2P,1,1301_49_180430,210_37_180611
U454Z301,U454Z2P,1,1301_24_180430,210_39_180611
U454Z301,U454Z2P,1,1301_78_180430,210_41_180611
U454Z301,U454Z2P,1,1301_11_180430,210_43_180611
U454Z301,U454Z2P,1,1301_40_180430,210_45_180611
U454Z301,U454Z2P,1,1301_65_180430,210_47_180611
U454Z301,U454Z2P,1,1301_51_180430,210_49_180611
U454Z301,U454Z2P,1,1301_1_180430,211_2_180430
U454Z301,U454Z2P,1,1301_76_180430,211_11_180430
U454Z301,U454Z2P,1,1307_107_180430,211_13_180430
U454Z301,U454Z2P,1,1307_116_180430,211_15_180430
U454Z301,U454Z2P,1,1307_133_180430,211_17_180430
U454Z301,U454Z2P,1,1307_93_180430,211_19_180430
U454Z301,U454Z2P,1,1301_67_180430,211_21_180604
U454Z301,U454Z2P,1,1301_28_180430,211_23_180430
U454Z301,U454Z2P,1,1301_15_180430,211_25_180430
U454Z301,U454Z2P,1,1301_55_180430,211_27_180430
U454Z301,U454Z2P,1,1301_72_180430,211_39_180430
U454Z301,U454Z2P,1,1301_34_180430,211_41_180430
U454Z301,U454Z2P,1,1301_61_180430,211_43_180430
U454Z301,U454Z2P,1,1301_22_180430,211_45_180430
U454Z301,U454Z2P,1,1307_89_180430,211_47_180430
U454Z301,U454Z2P,1,1301_38_180430,211_49_180430
U454Z301,U454Z2P,1,1307_109_180430,211_51_180430
U454Z301,U454Z2P,1,1307_118_180430,211_53_180430
U454Z301,U454Z2P,1,1301_80_180430,211_55_180430
U454Z301,U454Z2P,1,1301_13_180430,211_57_180430
U454Z301,U454Z2P,1,1301_53_180430,211_59_180430
U454Z301,U454Z2P,1,1307_96_180430,211_66_180430
U454Z301,U454Z2P,1,1301_59_180430,211_68_180430
U454Z301,U454Z2P,1,1301_20_180430,211_70_180430
U454Z301,U454Z2P,1,1301_74_180430,211_72_180430
U454Z301,U454Z2P,1,1307_122_180430,211_74_180430
U454Z301,U454Z2P,1,1307_99_180430,211_76_180430
U454Z301,U454Z2P,1,1307_124_180430,211_78_180430
U454Z301,U454Z2P,1,1307_101_180430,211_80_180430
U454Z301,U454Z2P,1,1301_51_180430,211_82_180430
U454Z301,U454Z2P,1,1301_49_180430,211_84_180430
U454Z301,U454Z2P,1,1307_131_180430,211_86_180430
U454Z301,U454Z2P,1,1307_91_180430,211_88_180430
U454Z301,U454Z2P,1,1301_40_180430,211_90_180430
U454Z301,U454Z2P,1,1301_78_180430,211_94_180430
U454Z301,U454Z2P,1,1301_18_180430,211_97_180501
U454Z301,U454Z2P,1,1301_32_180430,211_98_180501
U454Z301,U454Z2P,1,1301_74_180430,211_72_180501
U454Z301,U454Z2P,1,1301_84_180501,211_11_180501
U454Z301,U454Z2P,1,1301_94_180501,211_49_180501
U454Z301,U454Z2P,1,1301_96_180501,211_94_180501
U454Z301,U454Z2P,1,1301_87_180501,211_90_180501
U454Z301,U454Z2P,1,1301_89_180501,211_55_180501
U454Z301,U454Z2P,1,1301_42_180430,211_104_180501
U454Z301,U454Z2P,1,1301_16_180430,211_105_180501
U454Z301,U454Z2P,1,1301_3_180430,211_110_180501
U454Z301,U454Z2P,1,1301_92_180501,211_112_180501
U454Z301,U454Z2P,1,1301_5_180430,211_35_180501
U454Z301,U454Z2P,1,1301_59_180430,211_68_180501
U454Z301,U454Z2P,1,1301_20_180430,211_70_180501
U454Z301,U454Z2P,1,1301_7_180430,211_117_180501
U454Z301,U454Z2P,1,1301_9_180430,211_118_180501
U454Z301,U454Z2P,1,1301_63_180430,211_119_180501
U454Z301,U454Z2P,1,1301_24_180430,211_121_180501
U454Z301,U454Z2P,1,1301_11_180430,211_122_180501
U454Z301,U454Z2P,1,1301_65_180430,211_123_180501
U454Z301,U454Z2P,1,1301_26_180430,211_124_180501
U454Z301,U454Z2P,1,1301_67_180430,211_21_180430
U454Z301,U454Z2P,1,1307_124_180430,211_78_180611
U454Z301,U454Z2P,1,1307_101_180430,211_80_180611
U454Z301,U454Z2P,1,1301_51_180430,211_82_180611
U454Z301,U454Z2P,1,1307_133_180430,211_17_180611
U454Z301,U454Z2P,1,1307_93_180430,211_19_180611
U454Z301,U454Z2P,1,1301_67_180430,211_21_180611
U454Z301,U454Z4P,1,1301_9_180430,212_54_180430
U454Z301,U454Z4P,1,1301_38_180430,212_56_180430
U454Z301,U454Z4P,1,1301_63_180430,212_58_180430
U454Z301,U454Z4P,1,1301_49_180430,212_60_180430
U454Z301,U454Z4P,1,1301_24_180430,212_62_180430
U454Z301,U454Z4P,1,1301_78_180430,212_64_180430
U454Z301,U454Z4P,1,1301_11_180430,212_66_180430
U454Z301,U454Z4P,1,1301_40_180430,212_68_180430
U454Z301,U454Z4P,1,1301_65_180430,212_70_180430
U454Z301,U454Z4P,1,1301_51_180430,212_72_180430
U454Z301,U454Z4P,1,1301_26_180430,212_74_180430
U454Z301,U454Z4P,1,1301_80_180430,212_76_180430
U454Z301,U454Z4P,1,1301_13_180430,212_78_180430
U454Z301,U454Z4P,1,1301_42_180430,212_80_180430
U454Z301,U454Z4P,1,1301_67_180430,212_82_180430
U454Z301,U454Z4P,1,1301_53_180430,212_84_180430
U454Z301,U454Z3P,1,1301_1_180430,221_2_180501
U454Z301,U454Z3P,1,1301_16_180430,221_5_180430
U454Z301,U454Z3P,1,1301_18_180430,221_15_180430
U454Z301,U454Z3P,1,1301_47_180430,221_17_180430
U454Z301,U454Z3P,1,1301_5_180430,221_19_180430
U454Z301,U454Z3P,1,1301_32_180430,221_21_180430
U454Z301,U454Z3P,1,1307_127_180430,221_24_180430
U454Z301,U454Z3P,1,1307_85_180430,221_26_180430
U454Z301,U454Z3P,1,1301_59_180430,221_28_180430
U454Z301,U454Z3P,1,1301_34_180430,221_30_180430
U454Z301,U454Z3P,1,1301_61_180430,221_32_180430
U454Z301,U454Z3P,1,1307_89_180430,221_34_180430
U454Z301,U454Z3P,1,1307_107_180430,221_36_180430
U454Z301,U454Z3P,1,1307_124_180430,221_38_180430
U454Z301,U454Z3P,1,1307_118_180430,221_40_180430
U454Z301,U454Z3P,1,1301_13_180430,221_42_180430
U454Z301,U454Z3P,1,1301_53_180430,221_44_180430
U454Z301,U454Z3P,1,1301_15_180430,221_46_180430
U454Z301,U454Z3P,1,1307_112_180430,221_49_180430
U454Z301,U454Z3P,1,1307_96_180430,221_51_180430
U454Z301,U454Z3P,1,1301_20_180430,221_53_180430
U454Z301,U454Z3P,1,1301_74_180430,221_55_180430
U454Z301,U454Z3P,1,1301_22_180430,221_57_180430
U454Z301,U454Z3P,1,1301_76_180430,221_59_180430
U454Z301,U454Z3P,1,1307_99_180430,221_61_180430
U454Z301,U454Z3P,1,1307_91_180430,221_63_180430
U454Z301,U454Z3P,1,1307_109_180430,221_65_180430
U454Z301,U454Z3P,1,1301_26_180430,221_67_180430
U454Z301,U454Z3P,1,1301_42_180430,221_69_180603
U454Z301,U454Z3P,1,1301_28_180430,221_71_180603
U454Z301,U454Z3P,1,1301_55_180430,221_73_180603
U454Z301,U454Z3P,1,1301_45_180430,221_74_180430
U454Z301,U454Z3P,1,1307_119_180430,221_76_180430
U454Z301,U454Z3P,1,1307_104_180430,221_78_180430
U454Z301,U454Z3P,1,1301_72_180430,221_80_180430
U454Z301,U454Z3P,1,1301_7_180430,221_82_180430
U454Z301,U454Z3P,1,1301_36_180430,221_84_180430
U454Z301,U454Z3P,1,1307_122_180430,221_86_180430
U454Z301,U454Z3P,1,1307_116_180430,221_88_180430
U454Z301,U454Z3P,1,1307_101_180430,221_90_180430
U454Z301,U454Z3P,1,1307_133_180430,221_92_180430
U454Z301,U454Z3P,1,1307_93_180430,221_93_180430
U454Z301,U454Z3P,1,1301_67_180430,221_95_180430
U454Z301,U454Z3P,1,1301_44_180430,221_97_180430
U454Z301,U454Z3P,1,1307_131_180430,221_99_180430
U454Z301,U454Z3P,1,1307_129_180430,221_101_180430
U454Z301,U454Z3P,1,1301_45_180430,221_74_180505
U454Z301,U454Z3P,1,1301_57_180430,221_104_180501
U454Z301,U454Z3P,1,1301_47_180430,221_106_180501
U454Z301,U454Z3P,1,1301_59_180430,221_108_180501
U454Z301,U454Z3P,1,1301_34_180430,221_110_180501
U454Z301,U454Z3P,1,1301_61_180430,221_112_180501
U454Z301,U454Z3P,1,1301_84_180501,221_114_180501
U454Z301,U454Z3P,1,1301_63_180430,221_116_180501
U454Z301,U454Z3P,1,1301_96_180501,221_118_180501
U454Z301,U454Z3P,1,1301_65_180430,221_120_180501
U454Z301,U454Z3P,1,1301_89_180501,221_122_180501
U454Z301,U454Z3P,1,1301_67_180430,221_95_180501
U454Z301,U454Z3P,1,1301_44_180430,221_97_180501
U454Z301,U454Z3P,1,1301_1_180430,221_2_180430
U454Z301,U454Z3P,1,1301_18_180430,221_126_180501
U454Z301,U454Z3P,1,1301_32_180430,221_128_180501
U454Z301,U454Z3P,1,1301_20_180430,221_130_180501
U454Z301,U454Z3P,1,1301_74_180430,221_132_180501
U454Z301,U454Z3P,1,1301_22_180430,221_134_180501
U454Z301,U454Z3P,1,1301_94_180501,221_136_180501
U454Z301,U454Z3P,1,1301_24_180430,221_138_180501
U454Z301,U454Z3P,1,1301_87_180501,221_140_180501
U454Z301,U454Z3P,1,1301_26_180430,221_142_180501
U454Z301,U454Z3P,1,1301_92_180501,221_146_180501
U454Z301,U454Z3P,1,1301_5_180430,221_148_180501
U454Z301,U454Z3P,1,1301_72_180430,221_150_180501
U454Z301,U454Z3P,1,1301_7_180430,221_152_180501
U454Z301,U454Z3P,1,1301_36_180430,221_154_180501
U454Z301,U454Z3P,1,1301_9_180430,221_156_180501
U454Z301,U454Z3P,1,1301_85_180501,221_158_180501
U454Z301,U454Z3P,1,1301_11_180430,221_160_180501
U454Z301,U454Z3P,1,1301_98_180501,221_162_180501
U454Z301,U454Z3P,1,1301_13_180430,221_42_180501
U454Z301,U454Z3P,1,1301_53_180430,221_44_180501
U454Z301,U454Z3P,1,1301_15_180430,221_46_180501
U454Z301,U454Z3P,1,1301_57_180430,221_164_180610
U454Z301,U454Z3P,1,1301_47_180430,221_165_180610
U454Z301,U454Z3P,1,1301_59_180430,221_166_180610
U454Z301,U454Z3P,1,1301_34_180430,221_167_180610
U454Z301,U454Z3P,1,1301_61_180430,221_168_180610
U454Z301,U454Z3P,1,1301_84_180501,221_169_180610
U454Z301,U454Z3P,1,1301_63_180430,221_170_180610
U454Z301,U454Z3P,1,1301_96_180501,221_171_180610
U454Z301,U454Z3P,1,1301_65_180430,221_172_180610
U454Z301,U454Z3P,1,1301_89_180501,221_173_180610
U454Z301,U454Z3P,1,1301_67_180430,221_174_180610
U454Z301,U454Z3P,1,1301_44_180430,221_175_180610
U454Z301,U454Z3P,1,1301_100_180501,221_175_180610
U454Z301,U454Z3P,1,1301_18_180430,221_177_180610
U454Z301,U454Z3P,1,1301_32_180430,221_178_180610
U454Z301,U454Z3P,1,1301_20_180430,221_179_180610
U454Z301,U454Z3P,1,1301_74_180430,221_180_180610
U454Z301,U454Z3P,1,1301_22_180430,221_181_180610
U454Z301,U454Z3P,1,1301_94_180501,221_182_180610
U454Z301,U454Z3P,1,1301_24_180430,221_183_180610
U454Z301,U454Z3P,1,1301_87_180501,221_184_180610
U454Z301,U454Z3P,1,1301_26_180430,221_185_180610
U454Z301,U454Z3P,1,1301_42_180430,221_186_180610
U454Z301,U454Z3P,1,1301_28_180430,221_187_180610
U454Z301,U454Z3P,1,1301_55_180430,221_188_180610
U454Z301,U454Z3P,1,1301_92_180501,221_190_180610
U454Z301,U454Z3P,1,1301_5_180430,221_191_180610
U454Z301,U454Z3P,1,1301_72_180430,221_192_180610
U454Z301,U454Z3P,1,1301_7_180430,221_193_180610
U454Z301,U454Z3P,1,1301_36_180430,221_194_180610
U454Z301,U454Z3P,1,1301_9_180430,221_195_180610
U454Z301,U454Z3P,1,1301_85_180501,221_196_180610
U454Z301,U454Z3P,1,1301_11_180430,221_197_180610
U454Z301,U454Z3P,1,1301_98_180501,221_198_180610
U454Z301,U454Z3P,1,1301_13_180430,221_199_180610
U454Z301,U454Z3P,1,1301_53_180430,221_200_180610
U454Z301,U454Z3P,1,1301_15_180430,221_201_180610
U454Z301,U454Z3P,1,1307_127_180430,221_204_180611
U454Z301,U454Z3P,1,1307_85_180430,221_26_180611
U454Z301,U454Z3P,1,1301_59_180430,221_28_180611
U454Z301,U454Z3P,1,1301_34_180430,221_30_180611
U454Z301,U454Z3P,1,1301_61_180430,221_32_180611
U454Z301,U454Z3P,1,1307_89_180430,221_34_180611
U454Z301,U454Z3P,1,1307_107_180430,221_36_180611
U454Z301,U454Z3P,1,1307_124_180430,221_38_180611
U454Z301,U454Z3P,1,1307_118_180430,221_205_180611
U454Z301,U454Z3P,1,1301_13_180430,221_206_180611
U454Z301,U454Z3P,1,1301_53_180430,221_200_180611
U454Z301,U454Z3P,1,1301_15_180430,221_201_180611
U454Z301,U454Z3P,1,1307_112_180430,221_49_180611
U454Z301,U454Z3P,1,1307_96_180430,221_51_180611
U454Z301,U454Z3P,1,1301_20_180430,221_53_180611
U454Z301,U454Z3P,1,1301_74_180430,221_55_180611
U454Z301,U454Z3P,1,1301_22_180430,221_57_180611
U454Z301,U454Z3P,1,1307_99_180430,221_61_180611
U454Z301,U454Z3P,1,1307_91_180430,221_63_180611
U454Z301,U454Z3P,1,1307_109_180430,221_207_180611
U454Z301,U454Z3P,1,1301_45_180430,221_163_180611
U454Z301,U454Z3P,1,1307_119_180430,221_208_180611
U454Z301,U454Z3P,1,1307_104_180430,221_78_180611
U454Z301,U454Z3P,1,1301_72_180430,221_80_180611
U454Z301,U454Z3P,1,1301_7_180430,221_82_180611
U454Z301,U454Z3P,1,1301_36_180430,221_84_180611
U454Z301,U454Z3P,1,1307_122_180430,221_86_180611
U454Z301,U454Z3P,1,1307_116_180430,221_88_180611
U454Z301,U454Z3P,1,1307_101_180430,221_209_180611
U454Z301,U454Z3P,1,1307_133_180430,221_210_180611
U454Z301,U454Z3P,1,1301_67_180430,221_174_180611
U454Z301,U454Z3P,1,1301_44_180430,221_175_180611
U454Z301,U454Z3P,1,1307_131_180430,221_99_180611
U454Z301,U454Z3P,1,1301_45_180430,221_163_180616
U454Z301,U454Z72,1,1301_36_180430,303_3_180430
U454Z301,U454Z73,1,1301_76_180430,303_4_180601
U454Z301,U454Z72,1,1301_78_180430,303_103_180521
U454Z301,U454Z72,1,1301_9_180430,303_104_180521
U454Z301,U454Z73,1,1301_24_180430,303_162_180601
U454Z301,U454Z72,1,1301_26_180430,303_8_180430
U454Z301,U454Z73,1,1301_59_180430,303_163_180601
U454Z301,U454Z72,1,1301_38_180430,303_15_180430
U454Z301,U454Z73,1,1301_49_180430,303_16_180601
U454Z301,U454Z72,1,1301_51_180430,303_17_180430
U454Z301,U454Z73,1,1301_80_180430,303_18_180601
U454Z301,U454Z72,1,1301_28_180430,303_19_180430
U454Z301,U454Z73,1,1301_44_180430,303_20_180601
U454Z301,U454Z72,1,1301_7_180430,303_21_180430
U454Z301,U454Z73,1,1301_61_180430,303_22_180601
U454Z301,U454Z72,1,1301_49_180430,303_164_180601
U454Z301,U454Z73,1,1301_78_180430,303_165_180601
U454Z301,U454Z72,1,1301_67_180430,303_25_180430
U454Z301,U454Z73,1,1301_53_180430,303_26_180601
U454Z301,U454Z72,1,1301_61_180430,303_166_180601
U454Z301,U454Z73,1,1301_22_180430,303_167_180601
U454Z301,U454Z72,1,1301_24_180430,303_33_180430
U454Z301,U454Z73,1,1301_11_180430,303_34_180601
U454Z301,U454Z72,1,1301_13_180430,303_35_180430
U454Z301,U454Z73,1,1301_42_180430,303_36_180601
U454Z301,U454Z72,1,1301_55_180430,303_37_180430
U454Z301,U454Z72,1,1301_20_180430,303_38_180430
U454Z301,U454Z73,1,1301_7_180430,303_39_180601
U454Z301,U454Z72,1,1301_76_180430,303_169_180601
U454Z301,U454Z73,1,1301_38_180430,303_170_180601
U454Z301,U454Z72,1,1301_40_180430,303_43_180430
U454Z301,U454Z73,1,1301_51_180430,303_44_180601
U454Z301,U454Z73,1,1301_5_180430,303_46_180601
U454Z301,U454Z72,1,1301_22_180430,303_106_180521
U454Z301,U454Z73,1,1301_63_180430,303_171_180601
U454Z301,U454Z72,1,1301_65_180430,303_49_180430
U454Z301,U454Z73,1,1301_9_180430,303_172_180601
U454Z301,U454Z72,1,1301_11_180430,303_52_180430
U454Z301,U454Z73,1,1301_65_180430,303_53_180601
U454Z301,U454Z72,1,1301_63_180430,303_107_180521
U454Z301,U454Z73,1,1301_40_180430,303_173_180601
U454Z301,U454Z72,1,1301_59_180430,303_61_180430
U454Z301,U454Z73,1,1301_20_180430,303_62_180601
U454Z301,U454Z72,1,1301_15_180430,303_199_180610
U454Z301,U454Z72,1,1301_36_180430,303_3_180611
U454Z301,U454Z73,1,1301_76_180430,303_4_180611
U454Z301,U454Z72,1,1301_78_180430,303_103_180611
U454Z301,U454Z72,1,1301_9_180430,303_104_180611
U454Z301,U454Z73,1,1301_24_180430,303_162_180611
U454Z301,U454Z72,1,1301_26_180430,303_8_180611
U454Z301,U454Z73,1,1301_59_180430,303_163_180611
U454Z301,U454Z72,1,1301_38_180430,303_15_180611
U454Z301,U454Z73,1,1301_49_180430,303_16_180611
U454Z301,U454Z72,1,1301_51_180430,303_17_180611
U454Z301,U454Z73,1,1301_80_180430,303_201_180611
U454Z301,U454Z72,1,1301_28_180430,303_19_180611
U454Z301,U454Z73,1,1301_44_180430,303_202_180611
U454Z301,U454Z72,1,1301_7_180430,303_21_180611
U454Z301,U454Z73,1,1301_61_180430,303_22_180611
U454Z301,U454Z72,1,1301_49_180430,303_203_180611
U454Z301,U454Z73,1,1301_78_180430,303_165_180611
U454Z301,U454Z72,1,1301_67_180430,303_25_180611
U454Z301,U454Z73,1,1301_53_180430,303_204_180611
U454Z301,U454Z72,1,1301_61_180430,303_166_180611
U454Z301,U454Z73,1,1301_22_180430,303_167_180611
U454Z301,U454Z72,1,1301_24_180430,303_33_180611
U454Z301,U454Z73,1,1301_11_180430,303_34_180611
U454Z301,U454Z72,1,1301_13_180430,303_35_180611
U454Z301,U454Z73,1,1301_42_180430,303_207_180611
U454Z301,U454Z72,1,1301_55_180430,303_208_180611
U454Z301,U454Z72,1,1301_20_180430,303_38_180611
U454Z301,U454Z73,1,1301_7_180430,303_39_180611
U454Z301,U454Z72,1,1301_76_180430,303_209_180611
U454Z301,U454Z73,1,1301_38_180430,303_170_180611
U454Z301,U454Z72,1,1301_40_180430,303_43_180611
U454Z301,U454Z73,1,1301_51_180430,303_210_180611
U454Z301,U454Z73,1,1301_5_180430,303_46_180611
U454Z301,U454Z72,1,1301_22_180430,303_106_180611
U454Z301,U454Z73,1,1301_63_180430,303_171_180611
U454Z301,U454Z72,1,1301_65_180430,303_49_180611
U454Z301,U454Z73,1,1301_9_180430,303_172_180611
U454Z301,U454Z72,1,1301_11_180430,303_52_180611
U454Z301,U454Z73,1,1301_65_180430,303_53_180611
U454Z301,U454Z72,1,1301_63_180430,303_107_180611
U454Z301,U454Z73,1,1301_40_180430,303_173_180611
U454Z301,U454Z72,1,1301_59_180430,303_61_180611
U454Z301,U454Z73,1,1301_20_180430,303_62_180611
U456Z301,U456Z3,1,1307_49_180430,309_3_180430
U456Z301,U456Z3,1,1307_4_180430,309_4_180430
U456Z301,U456Z3,1,1307_73_180430,309_6_180430
U456Z301,U456Z3,1,1307_77_180430,309_8_180430
U456Z301,U456Z3,1,1307_71_180430,309_10_180430
U456Z301,U456Z3,1,1307_75_180430,309_12_180430
U456Z301,U456Z3,1,1307_67_180430,309_15_180430
U456Z301,U456Z3,1,1307_79_180430,309_17_180430
U1661Z2,U1661Z2,1,425_11_180430,311_204_180528
U456Z301,U456Z3,1,1307_8_180430,313_5_180430
U456Z301,U456Z3,1,1307_51_180430,313_7_180430
U456Z301,U456Z3,1,1307_36_180430,313_9_180430
U456Z301,U456Z3,1,1307_20_180430,313_11_180430
U456Z301,U456Z3,1,1307_14_180430,313_17_180430
U456Z301,U456Z3,1,1307_59_180430,313_18_180430
U456Z301,U456Z3,1,1307_61_180430,313_20_180430
U456Z301,U456Z3,1,1307_83_180430,313_21_180430
U456Z301,U456Z3,1,1307_10_180430,313_23_180430
U456Z301,U456Z3,1,1307_18_180430,313_24_180430
U456Z301,U456Z3,1,1307_42_180430,313_26_180430
U456Z301,U456Z3,1,1307_53_180430,313_29_180430
U456Z301,U456Z3,1,1307_55_180430,313_31_180430
U456Z301,U456Z3,1,1307_12_180430,313_34_180430
U456Z301,U456Z3,1,1307_34_180430,313_35_180430
U456Z301,U456Z3,1,1307_16_180430,313_37_180430
U456Z301,U456Z3,1,1307_57_180430,313_39_180430
U456Z301,U456Z3,1,1307_38_180430,313_41_180430
U456Z301,U456Z3,1,1307_146_180501,313_3_180501
U456Z301,U456Z3,1,1307_67_180430,313_46_180501
U456Z301,U456Z3,1,1307_159_180501,313_46_180501
U456Z301,U456Z3,1,1307_49_180430,313_48_180501
U456Z301,U456Z3,1,1307_150_180501,313_50_180501
U456Z301,U456Z3,1,1307_12_180430,313_52_180501
U456Z301,U456Z3,1,1307_73_180430,313_54_180501
U456Z301,U456Z3,1,1307_55_180430,313_56_180501
U1704Z4,U1704Z3,1,318_23_180430,318_59_180430
U1739Z2,U1739Z2,1,449_23_180430,318_94_180430
U2118Z301,U2118Z2,1,1305_40_180430,319_14_180601
U2118Z301,U2118Z2,1,1305_16_180430,319_34_180601
U1709Z1,U1709Z1,1,317_2_180505,321_61_180505
U461Z301,U461Z2,1,1309_77_180430,325_1_180430
U461Z301,U461Z2,1,1309_138_180501,325_1_180430
U461Z301,U461Z2,1,1309_95_180430,325_3_180430
U461Z301,U461Z2,1,1309_143_180501,325_3_180430
U461Z301,U461Z2,1,1309_62_180430,325_6_180430
U461Z301,U461Z2,1,1309_48_180430,325_8_180430
U461Z301,U461Z2,1,1309_16_180430,325_10_180430
U461Z301,U461Z2,1,1309_93_180430,325_12_180430
U461Z301,U461Z2,1,1309_140_180501,325_12_180430
U461Z301,U461Z2,1,1309_79_180430,325_14_180430
U461Z301,U461Z2,1,1309_133_180501,325_14_180430
U461Z301,U461Z2,1,1309_97_180430,325_16_180430
U461Z301,U461Z2,1,1309_81_180430,325_18_180430
U461Z301,U461Z2,1,1309_54_180430,325_20_180430
U461Z301,U461Z2,1,1309_22_180430,325_22_180430
U461Z301,U461Z2,1,1309_70_180430,325_24_180430
U461Z301,U461Z2,1,1309_101_180430,325_26_180430
U461Z301,U461Z2,1,1309_85_180430,325_28_180430
U461Z301,U461Z2,1,1309_58_180430,325_30_180430
U3303Z1,U3303Z1,1,454_43_180604,332_13_180430
U3303Z1,U3303Z1,1,455_12_180514,332_26_180430
U3303Z1,U3303Z1,1,454_24_180430,332_35_180430
U3303Z1,U3303Z1,1,454_24_180613,332_35_180430
U2109Z1,U2109Z2,1,452_51_180430,332_37_180430
U2109Z1,U2109Z2,1,452_53_180430,332_48_180430
U2109Z1,U2109Z2,1,452_57_180430,332_57_180430
U2109Z1,U2109Z2,1,452_10_180430,332_59_180430
U2109Z1,U2109Z2,1,452_75_180602,332_59_180430
U2109Z1,U2109Z2,1,452_22_180430,332_71_180430
U2109Z1,U2109Z2,1,452_34_180430,332_81_180430
U2109Z1,U2109Z2,1,452_31_180430,332_93_180430
U2109Z1,U2109Z2,1,452_24_180430,332_103_180430
U2109Z1,U2109Z2,1,452_81_180602,332_103_180430
U3303Z1,U3303Z1,1,454_45_180604,332_107_180430
U2109Z1,U2109Z2,1,452_41_180430,332_107_180430
U2109Z1,U2109Z2,1,452_4_180430,332_109_180430
U2109Z1,U2109Z2,1,452_79_180602,332_52_180501
U2109Z1,U2109Z2,1,452_61_180527,332_52_180501
U2109Z1,U2109Z2,1,452_83_180602,332_109_180501
U2109Z1,U2109Z2,1,452_90_180602,332_67_180501
U2109Z1,U2109Z2,1,452_77_180602,332_128_180501
U2109Z1,U2109Z2,1,452_85_180602,332_85_180501
U2109Z1,U2109Z2,1,452_92_180602,332_129_180501
U1330Z2,U1330Z2,1,337_76_180604,334_1_180430
U1330Z2,U1330Z2,1,339_52_180528,334_3_180430
U1564Z1,U1564Z1,1,339_53_180604,335_73_180604
U1564Z1,U1564Z1,1,339_58_180528,335_76_180604
U1564Z1,U1564Z1,1,339_53_180604,335_31_180611
U1564Z1,U1564Z1,1,339_58_180528,335_35_180611
U1564Z1,U1564Z1,1,444_112_180604,337_7_180430
U1564Z1,U1564Z1,1,444_111_180604,337_16_180430
U1564Z1,U1564Z1,1,444_39_180430,337_31_180430
U1546Z2,U1546Z2,1,337_94_180609,337_87_180609
U1546Z2,U1546Z2,1,337_96_180609,337_90_180609
U1546Z2,U1546Z2,1,337_98_180609,337_92_180609
U1546Z1,U1546Z1,1,337_86_180609,337_93_180609
U1546Z1,U1546Z1,1,337_89_180609,337_95_180609
U1546Z1,U1546Z1,1,337_91_180609,337_97_180609
U1330Z1,U1330Z1,1,334_6_180430,339_43_180604
U1330Z1,U1330Z1,1,334_4_180430,339_46_180604
U1793Z5,U1793Z1,1,467_112_180530,349_15_180430
U1690Z1,U1690Z1,1,316_41_180430,350_5_180430
U1690Z2,U1690Z2,1,316_42_180430,350_6_180430
U1690Z1,U1690Z1,1,316_43_180430,350_7_180430
U1690Z2,U1690Z2,1,316_44_180430,350_8_180430
U1690Z1,U1690Z1,1,316_8_180430,350_9_180608
U2094Z2,U2094Z2,1,624_10_180608,350_10_180608
U1690Z1,U1690Z1,1,316_83_180430,350_11_180608
U2094Z2,U2094Z2,1,624_28_180608,350_12_180608
U1690Z1,U1690Z1,1,316_87_180430,350_13_180608
U1690Z1,U1690Z1,1,316_16_180430,350_15_180608
U1690Z1,U1690Z1,1,316_103_180430,350_22_180608
U2094Z2,U2094Z2,1,624_8_180608,350_23_180608
U1690Z2,U1690Z2,1,316_60_180430,350_23_180608
U1690Z1,U1690Z1,1,316_61_180430,350_24_180608
U2094Z2,U2094Z2,1,624_12_180608,350_25_180608
U1690Z1,U1690Z1,1,316_65_180430,350_26_180608
U2094Z2,U2094Z2,1,624_30_180608,350_27_180608
U1690Z1,U1690Z1,1,316_93_180430,350_28_180430
U2094Z2,U2094Z2,1,624_4_180608,350_34_180608
U1690Z2,U1690Z2,1,316_23_180430,350_34_180608
U1690Z2,U1690Z2,1,316_109_180430,350_38_180430
U2094Z2,U2094Z2,1,624_22_180608,350_42_180608
U1690Z2,U1690Z2,1,316_3_180430,350_42_180608
U2094Z2,U2094Z2,1,624_26_180608,350_44_180608
U1690Z1,U1690Z1,1,316_49_180430,350_45_180608
U2094Z2,U2094Z2,1,624_2_180608,350_50_180608
U1690Z1,U1690Z1,1,316_79_180430,350_51_180608
U2094Z2,U2094Z2,1,624_6_180608,350_52_180608
U1690Z2,U1690Z2,1,316_104_180430,350_52_180608
U1690Z1,U1690Z1,1,316_105_180430,350_53_180608
U2094Z2,U2094Z2,1,624_24_180608,350_54_180608
U1690Z2,U1690Z2,1,316_9_180430,350_54_180608
U1690Z2,U1690Z2,1,316_48_180430,350_56_180430
U1308Z1,U1308Z1,1,348_1_180430,368_1_180501
U1308Z1,U1308Z1,1,348_15_180430,368_20_180430
U1308Z1,U1308Z1,1,348_31_180430,368_22_180430
U1308Z1,U1308Z1,1,348_17_180430,368_24_180430
U1308Z1,U1308Z1,1,348_33_180430,368_26_180430
U1308Z1,U1308Z1,1,348_165_180501,368_67_180501
U1308Z1,U1308Z1,1,348_167_180501,368_69_180501
U1308Z1,U1308Z1,1,348_141_180501,368_71_180501
U1308Z1,U1308Z1,1,348_132_180501,368_73_180501
U1308Z1,U1308Z1,1,348_155_180501,368_75_180501
U1308Z1,U1308Z1,1,348_145_180501,368_77_180501
U1308Z1,U1308Z1,1,348_157_180501,368_79_180501
U1308Z1,U1308Z1,1,348_147_180501,368_81_180501
U1308Z1,U1308Z1,1,348_159_180501,368_83_180501
U1308Z1,U1308Z1,1,348_149_180501,368_85_180501
U1308Z1,U1308Z1,1,348_161_180501,368_87_180501
U1308Z1,U1308Z1,1,348_15_180430,368_20_180501
U1308Z1,U1308Z1,1,348_17_180430,368_24_180501
U1308Z1,U1308Z1,1,348_1_180430,368_1_180430
U2222Z1,U2222Z1,1,373_80_180501,370_106_180501
U2016Z1,U2016Z2,1,652_3_180525,381_47_180502
U2016Z1,U2016Z2,1,652_11_180430,381_23_180430
U2008Z2,U2008Z2,1,382_41_180512,381_35_180430
U2008Z4,U2008Z1,1,489_42_180609,381_55_180505
U2020Z1,U2020Z1,1,492_18_180514,382_4_180430
U2020Z2,U2020Z2,1,492_15_180514,382_5_180430
U2020Z1,U2020Z1,1,492_12_180430,382_6_180430
U2020Z2,U2020Z2,1,492_13_180430,382_7_180430
U2020Z1,U2020Z1,1,492_11_180430,382_8_180430
U2020Z1,U2020Z1,1,492_9_180430,382_10_180430
U2020Z2,U2020Z2,1,492_2_180514,382_11_180430
U2026Z1,U2026Z1,1,490_8_180430,382_13_180430
U2020Z2,U2020Z2,1,492_21_180430,382_14_180430
U2020Z1,U2020Z1,1,492_16_180514,382_17_180514
U2026Z1,U2026Z1,1,490_2_180604,382_17_180514
U2020Z2,U2020Z2,1,492_7_180514,382_20_180514
U2008Z4,U2008Z2,1,489_1_180430,382_20_180514
U2020Z1,U2020Z1,1,492_1_180514,382_23_180514
U2020Z2,U2020Z2,1,492_4_180514,382_25_180514
U2020Z1,U2020Z1,1,492_5_180514,382_26_180514
U2020Z2,U2020Z2,1,492_10_180430,382_36_180514
U2020Z2,U2020Z2,1,492_6_180514,382_39_180430
U2026Z1,U2026Z1,1,490_20_180604,382_40_180430
U2020Z1,U2020Z1,1,492_26_180501,382_45_180501
U2020Z2,U2020Z2,1,492_28_180505,382_53_180505
U2020Z1,U2020Z1,1,492_23_180505,382_55_180505
U2020Z2,U2020Z2,1,492_24_180501,382_48_180501
U2020Z1,U2020Z1,1,492_25_180501,382_17_180505
U2020Z2,U2020Z2,1,492_17_180501,382_44_180505
U2020Z1,U2020Z1,1,492_25_180501,382_17_180501
U2020Z2,U2020Z2,1,492_17_180501,382_44_180501
U2020Z2,U2020Z2,1,492_27_180501,382_47_180501
U2046Z1,U2046Z2,1,653_6_180430,383_12_180430
U2046Z2,U2046Z2,1,490_13_180604,383_14_180430
U2036Z2,U2036Z2,1,489_1_180430,383_26_180430
U2008Z1,U2008Z3,1,387_9_180430,383_38_180430
U2370Z1,U2370Z1,1,380_3_180509,384_2_180430
U1884Z2,U1884Z2,1,494_43_180604,385_2_180430
U1978Z2,U1978Z2,1,654_18_180430,387_21_180430
U2016Z1,U2016Z2,1,652_7_180430,387_33_180430
U1978Z2,U1978Z2,1,654_21_180505,387_62_180505
U2016Z2,U2016Z2,1,654_20_180501,387_54_180501
U454Z301,U454Z2,1,1301_32_180430,391_6_180430
U454Z301,U454Z2,1,1301_7_180430,391_8_180430
U1610Z301,U1610Z2,1,1301_36_180430,391_9_180430
U454Z301,U454Z2,1,1301_9_180430,391_10_180430
U1610Z301,U1610Z2,1,1301_38_180430,391_11_180430
U454Z301,U454Z2,1,1301_11_180430,391_12_180430
U1610Z301,U1610Z2,1,1301_51_180430,391_13_180430
U454Z301,U454Z2,1,1301_63_180430,391_17_180430
U1610Z301,U1610Z2,1,1301_40_180430,391_18_180430
U454Z301,U454Z2,1,1301_44_180430,391_19_180430
U454Z301,U454Z2,1,1301_36_180430,391_22_180430
U1610Z301,U1610Z2,1,1301_76_180430,391_23_180430
U454Z301,U454Z2,1,1301_24_180430,391_24_180430
U1610Z301,U1610Z2,1,1301_78_180430,391_25_180430
U454Z301,U454Z2,1,1301_26_180430,391_26_180430
U1610Z301,U1610Z2,1,1301_80_180430,391_27_180430
U454Z301,U454Z2,1,1301_42_180430,391_28_180430
U454Z301,U454Z2,1,1301_65_180430,391_29_180430
U1610Z301,U1610Z2,1,1301_49_180430,391_32_180430
U454Z301,U454Z2,1,1301_85_180501,391_41_180501
U454Z301,U454Z2,1,1301_98_180501,391_43_180501
U454Z301,U454Z2,1,1301_44_180430,391_45_180501
U454Z301,U454Z2,1,1301_100_180501,391_45_180501
U1610Z301,U1610Z2,1,1301_15_180430,391_46_180611
U454Z301,U454Z2,1,1301_26_180430,391_26_180611
U1610Z301,U1610Z2,1,1301_80_180430,391_27_180611
U454Z301,U454Z2,1,1301_42_180430,391_28_180611
U1610Z301,U1610Z2,1,1301_67_180430,391_47_180611
U457Z301,U457Z1,1,1334_20_180430,396_6_180430
U457Z301,U457Z1,1,1334_22_180430,396_8_180430
U457Z301,U457Z1,1,1334_24_180430,396_10_180430
U457Z301,U457Z1,1,1334_26_180430,396_14_180430
U457Z301,U457Z1,1,1334_28_180430,396_16_180430
U457Z301,U457Z1,1,1334_14_180430,396_18_180430
U457Z301,U457Z1,1,1334_30_180430,396_20_180430
U457Z301,U457Z1,1,1334_6_180430,396_29_180430
U457Z301,U457Z1,1,1334_8_180430,396_31_180430
U457Z301,U457Z1,1,1334_10_180430,396_33_180430
U457Z301,U457Z1,1,1334_12_180430,396_35_180430
U1431Z3,U1431Z2,1,429_4_180430,398_1_180528
U1434Z1,U1434Z1,1,443_8_180430,398_2_180509
U1434Z1,U1434Z1,1,443_8_180611,398_2_180509
U1278Z3,U1278Z1,1,427_2_180514,398_4_180509
U1278Z32,U1278Z2,1,661_41_180528,398_5_180528
U1431Z3,U1431Z2,1,429_6_180430,398_9_180509
U1430Z4,U1430Z2,1,661_46_180528,398_9_180509
U1278Z32,U1278Z2,1,661_43_180528,398_11_180528
U1434Z1,U1434Z1,1,443_24_180430,398_23_180430
U1278Z32,U1278Z2,1,661_46_180528,398_24_180528
U1431Z3,U1431Z2,1,429_22_180430,398_30_180528
U1430Z4,U1430Z2,1,661_48_180528,398_37_180430
U1431Z3,U1431Z2,1,429_8_180430,398_41_180509
U1434Z1,U1434Z1,1,443_26_180430,398_42_180509
U1434Z1,U1434Z1,1,443_26_180611,398_42_180509
U1278Z3,U1278Z1,1,427_12_180514,398_44_180509
U1430Z4,U1430Z2,1,661_41_180528,398_45_180528
U1278Z32,U1278Z2,1,661_48_180528,398_53_180528
U1431Z3,U1431Z2,1,429_24_180430,398_55_180528
U1278Z32,U1278Z2,1,661_59_180528,398_59_180528
U1278Z32,U1278Z2,1,661_66_180602,398_5_180602
U1278Z32,U1278Z2,1,661_70_180602,398_30_180602
U1278Z32,U1278Z2,1,661_67_180602,398_77_180602
U1278Z32,U1278Z2,1,661_59_180602,398_59_180602
U1278Z32,U1278Z2,1,661_70_180602,398_30_180610
U1984Z2,U1984Z4,1,381_19_180430,421_1_180430
U1984Z2,U1984Z3,1,381_49_180502,421_2_180430
U1984Z1,U1984Z3,1,381_54_180501,421_2_180430
U1984Z2,U1984Z3,1,381_19_180430,421_3_180430
U1984Z2,U1984Z4,1,381_67_180502,421_4_180430
U1984Z2,U1984Z3,1,381_50_180502,421_6_180430
U1984Z1,U1984Z3,1,381_69_180502,421_6_180430
U1984Z2,U1984Z4,1,381_70_180502,421_7_180430
U1984Z1,U1984Z4,1,381_55_180502,421_7_180430
U1984Z2,U1984Z3,1,381_56_180502,421_8_180430
U1984Z2,U1984Z4,1,381_52_180501,421_9_180430
U1984Z1,U1984Z4,1,381_63_180501,421_9_180430
U1984Z2,U1984Z3,1,381_64_180501,421_10_180430
U1984Z1,U1984Z3,1,381_59_180501,421_10_180430
U1984Z2,U1984Z4,1,381_60_180501,421_11_180430
U1984Z1,U1984Z4,1,381_48_180502,421_11_180430
U1984Z2,U1984Z3,1,381_65_180502,421_13_180430
U1984Z1,U1984Z4,1,381_69_180502,421_14_180430
U1984Z2,U1984Z4,1,381_50_180502,421_14_180430
U1984Z2,U1984Z3,1,381_52_180501,421_15_180430
U1984Z2,U1984Z4,1,381_64_180501,421_16_180430
U1984Z1,U1984Z4,1,381_59_180501,421_16_180430
U1984Z2,U1984Z4,1,381_65_180502,421_18_180430
U1984Z2,U1984Z3,1,381_47_180502,421_19_180430
U1984Z1,U1984Z3,1,381_57_180501,421_19_180430
U1984Z2,U1984Z4,1,381_56_180502,421_20_180430
U1984Z1,U1984Z4,1,381_51_180501,421_20_180430
U1984Z2,U1984Z3,1,381_58_180501,421_21_180430
U1984Z2,U1984Z4,1,381_74_180502,421_22_180430
U1984Z1,U1984Z4,1,381_66_180502,421_22_180430
U1984Z2,U1984Z4,1,381_58_180501,421_24_180430
U1984Z1,U1984Z4,1,381_73_180502,421_24_180430
U1984Z2,U1984Z3,1,381_70_180502,421_25_180430
U1984Z1,U1984Z3,1,381_55_180502,421_25_180430
U1984Z2,U1984Z4,1,381_47_180502,421_26_180430
U1984Z1,U1984Z4,1,381_57_180501,421_26_180430
U1984Z2,U1984Z1,1,381_72_180502,421_27_180430
U1984Z2,U1984Z3,1,381_60_180501,421_28_180430
U1984Z1,U1984Z3,1,381_48_180502,421_28_180430
U1984Z2,U1984Z4,1,381_50_180501,421_32_180501
U1984Z1,U1984Z3,1,381_55_180505,421_33_180505
U1984Z1,U1984Z4,1,381_57_180501,421_34_180501
U1984Z2,U1984Z4,1,381_47_180501,421_34_180501
U1984Z1,U1984Z3,1,381_59_180505,421_35_180505
U1984Z1,U1984Z4,1,381_48_180501,421_11_180501
U1984Z2,U1984Z4,1,381_60_180501,421_11_180501
U1984Z2,U1984Z4,1,381_60_180505,421_11_180501
U1984Z1,U1984Z3,1,381_51_180501,421_40_180505
U1984Z1,U1984Z4,1,381_63_180501,421_41_180501
U1984Z2,U1984Z4,1,381_52_180501,421_41_180501
U1984Z1,U1984Z3,1,381_55_180501,421_33_180501
U1984Z2,U1984Z3,1,381_61_180501,421_33_180501
U1984Z1,U1984Z3,1,381_59_180501,421_35_180501
U1984Z2,U1984Z3,1,381_64_180501,421_35_180501
U1984Z1,U1984Z3,1,381_63_180501,421_37_180501
U1984Z2,U1984Z3,1,381_52_180501,421_37_180501
U1984Z1,U1984Z4,1,381_59_180501,421_38_180501
U1984Z2,U1984Z4,1,381_64_180501,421_38_180501
U1984Z1,U1984Z3,1,381_48_180501,421_39_180501
U1984Z2,U1984Z3,1,381_60_180501,421_39_180501
U1984Z1,U1984Z3,1,381_51_180501,421_40_180501
U1984Z2,U1984Z3,1,381_56_180501,421_40_180501
U2269Z301,U2269Z1,1,1301_61_180430,422_1_180430
U2269Z301,U2269Z1,1,1301_78_180430,422_2_180430
U2269Z301,U2269Z1,1,1301_5_180430,422_3_180430
U2300Z1,U2300Z1,1,422_8_180430,422_6_180430
U2269Z301,U2269Z1,1,1301_20_180430,422_8_180430
U2269Z301,U2269Z1,1,1301_49_180430,422_10_180604
U2269Z301,U2269Z1,1,1301_85_180501,422_10_180604
U2300Z1,U2300Z1,1,422_35_180430,422_14_180430
U2300Z1,U2300Z2,1,424_2_180430,422_18_180430
U2269Z301,U2269Z1,1,1301_51_180430,422_21_180430
U2269Z301,U2269Z1,1,1301_40_180430,422_32_180430
U2269Z301,U2269Z1,1,1301_47_180430,422_37_180609
U2269Z301,U2269Z1,1,1301_74_180430,422_39_180609
U2070Z2,U2070Z2,1,491_3_180509,423_1_180530
U1610Z301,U1610Z2,1,1301_47_180430,423_5_180530
U2070Z2,U2070Z2,1,491_4_180509,423_6_180530
U1610Z301,U1610Z2,1,1301_72_180430,423_7_180530
U1610Z301,U1610Z2,1,1301_74_180430,423_9_180530
U1610Z301,U1610Z2,1,1301_76_180430,423_11_180530
U1610Z301,U1610Z2,1,1301_49_180430,423_13_180530
U1610Z301,U1610Z2,1,1301_51_180430,423_15_180530
U1610Z301,U1610Z2,1,1301_80_180430,423_16_180530
U1610Z301,U1610Z2,1,1301_30_180430,423_19_180530
U1610Z301,U1610Z2,1,1301_32_180430,423_23_180530
U1610Z301,U1610Z2,1,1301_34_180430,423_25_180530
U1610Z301,U1610Z2,1,1301_36_180430,423_27_180530
U1610Z301,U1610Z2,1,1301_38_180430,423_29_180530
U1610Z301,U1610Z2,1,1301_78_180430,423_31_180530
U1610Z301,U1610Z2,1,1301_40_180430,423_32_180530
U1610Z301,U1610Z2,1,1301_42_180430,423_35_180530
U1610Z301,U1610Z2,1,1301_28_180430,423_36_180530
U1610Z301,U1610Z2,1,1301_45_180430,423_38_180530
U1610Z301,U1610Z2,1,1301_9_180430,423_41_180530
U1610Z301,U1610Z2,1,1301_63_180430,423_43_180530
U1610Z301,U1610Z2,1,1301_24_180430,423_45_180530
U1610Z301,U1610Z2,1,1301_11_180430,423_47_180530
U2070Z2,U2070Z2,1,491_3_180509,423_1_180611
U1610Z301,U1610Z2,1,1301_47_180430,423_5_180611
U2070Z2,U2070Z2,1,491_4_180509,423_6_180611
U1610Z301,U1610Z2,1,1301_72_180430,423_7_180611
U1610Z301,U1610Z2,1,1301_74_180430,423_9_180611
U1610Z301,U1610Z2,1,1301_76_180430,423_11_180611
U1610Z301,U1610Z2,1,1301_49_180430,423_13_180611
U1610Z301,U1610Z2,1,1301_51_180430,423_15_180611
U1610Z301,U1610Z2,1,1301_80_180430,423_16_180611
U1610Z301,U1610Z2,1,1301_30_180430,423_19_180611
U1610Z301,U1610Z2,1,1301_32_180430,423_23_180611
U1610Z301,U1610Z2,1,1301_34_180430,423_25_180611
U1610Z301,U1610Z2,1,1301_36_180430,423_27_180611
U1610Z301,U1610Z2,1,1301_38_180430,423_29_180611
U1610Z301,U1610Z2,1,1301_78_180430,423_31_180611
U1610Z301,U1610Z2,1,1301_40_180430,423_32_180611
U1610Z301,U1610Z2,1,1301_42_180430,423_35_180611
U1610Z301,U1610Z2,1,1301_28_180430,423_36_180611
U1610Z301,U1610Z2,1,1301_45_180430,423_38_180611
U1610Z301,U1610Z2,1,1301_9_180430,423_41_180611
U1610Z301,U1610Z2,1,1301_63_180430,423_43_180611
U1610Z301,U1610Z2,1,1301_24_180430,423_45_180611
U1610Z301,U1610Z2,1,1301_11_180430,423_47_180611
U4992Z2,U4992Z2,1,421_8_180430,424_14_180430
U4992Z2,U4992Z2,1,421_15_180430,424_15_180430
U2269Z301,U2269Z6,1,1307_99_180430,426_4_180430
U2269Z301,U2269Z4,1,1301_49_180430,426_5_180430
U2269Z301,U2269Z6,1,1307_89_180430,426_9_180430
U2269Z301,U2269Z6,1,1307_96_180430,426_13_180430
U2424Z301,U2424Z1,1,1301_32_180430,426_13_180430
U1450Z301,U1450Z1,1,1301_20_180430,426_15_180430
U2269Z301,U2269Z4,1,1307_122_180430,426_17_180430
U2269Z301,U2269Z6,1,1307_131_180430,426_18_180430
U2269Z301,U2269Z4,1,1301_40_180430,426_19_180430
U1278Z2,U1278Z2,1,398_5_180528,427_10_180514
U1431Z1,U1431Z2,1,398_54_180509,429_15_180430
U1431Z1,U1431Z2,1,398_29_180509,429_17_180430
U1431Z1,U1431Z2,1,398_52_180509,429_19_180430
U1431Z1,U1431Z2,1,398_18_180509,429_21_180430
U1431Z1,U1431Z3,1,398_14_180509,429_23_180430
U1431Z1,U1431Z3,1,398_34_180509,429_25_180430
U1496Z301,U1496Z1,1,1322_45_180430,432_8_180430
U2432Z301,U2432Z1,1,1309_32_180430,432_9_180430
U1496Z301,U1496Z1,1,1322_80_180430,432_10_180430
U1496Z301,U1496Z1,1,1322_17_180430,432_12_180514
U1496Z301,U1496Z1,1,1322_5_180430,432_18_180430
U1496Z301,U1496Z2,1,1322_76_180430,432_19_180430
U1496Z301,U1496Z1,1,1322_70_180430,432_20_180430
U1496Z301,U1496Z2,1,1322_31_180430,432_21_180430
U1496Z301,U1496Z1,1,1322_43_180430,432_22_180430
U2432Z301,U2432Z1,1,1309_7_180430,432_23_180430
U1496Z301,U1496Z1,1,1322_23_180430,432_24_180430
U1496Z301,U1496Z2,1,1322_80_180430,432_25_180430
U1496Z301,U1496Z1,1,1322_82_180430,432_26_180430
U2432Z301,U2432Z1,1,1309_9_180430,432_27_180430
U1496Z301,U1496Z1,1,1322_49_180430,432_29_180514
U1496Z301,U1496Z1,1,1322_13_180430,432_31_180514
U1496Z301,U1496Z1,1,1322_15_180430,432_33_180514
U1496Z301,U1496Z1,1,1322_51_180430,432_35_180514
U2432Z301,U2432Z1,1,1309_117_180430,432_36_180509
U1496Z301,U1496Z1,1,1322_19_180430,432_37_180430
U1496Z301,U1496Z1,1,1322_33_180430,432_40_180430
U1496Z301,U1496Z1,1,1322_78_180430,432_42_180430
U1496Z301,U1496Z2,1,1322_70_180430,432_43_180430
U1496Z301,U1496Z2,1,1322_43_180430,432_45_180430
U1496Z301,U1496Z1,1,1322_9_180430,432_46_180430
U1496Z301,U1496Z2,1,1322_23_180430,432_47_180430
U1496Z301,U1496Z1,1,1322_59_180430,432_48_180430
U1496Z301,U1496Z2,1,1322_35_180430,432_49_180430
U1496Z301,U1496Z1,1,1322_47_180430,432_50_180512
U1496Z301,U1496Z2,1,1322_19_180430,432_55_180430
U1496Z301,U1496Z2,1,1322_21_180430,432_56_180430
U1496Z301,U1496Z1,1,1322_76_180430,432_57_180430
U1496Z301,U1496Z2,1,1322_78_180430,432_58_180430
U1496Z301,U1496Z1,1,1322_53_180430,432_59_180430
U1496Z301,U1496Z2,1,1322_55_180430,432_60_180430
U1496Z301,U1496Z1,1,1322_72_180430,432_61_180430
U1496Z301,U1496Z2,1,1322_9_180430,432_62_180430
U1496Z301,U1496Z1,1,1322_11_180430,432_63_180430
U1496Z301,U1496Z1,1,1322_25_180430,432_64_180430
U2432Z301,U2432Z1,1,1309_119_180430,432_65_180430
U1496Z301,U1496Z1,1,1322_57_180430,432_66_180430
U1496Z301,U1496Z2,1,1322_74_180430,432_67_180430
U1496Z301,U1496Z1,1,1322_61_180430,432_68_180430
U1496Z301,U1496Z1,1,1322_37_180430,432_70_180430
U1496Z301,U1496Z2,1,1322_7_180430,432_72_180430
U1496Z301,U1496Z1,1,1322_7_180430,432_77_180430
U1496Z301,U1496Z1,1,1322_21_180430,432_78_180430
U1496Z301,U1496Z2,1,1322_53_180430,432_79_180430
U1496Z301,U1496Z1,1,1322_55_180430,432_80_180430
U1496Z301,U1496Z1,1,1322_31_180430,432_82_180430
U1496Z301,U1496Z2,1,1322_57_180430,432_83_180430
U1496Z301,U1496Z1,1,1322_35_180430,432_84_180430
U1496Z301,U1496Z2,1,1322_47_180430,432_85_180514
U1496Z301,U1496Z2,1,1322_85_180501,432_74_180501
U1496Z301,U1496Z1,1,1322_29_180430,432_88_180501
U1496Z301,U1496Z2,1,1322_5_180430,432_89_180501
U1496Z301,U1496Z2,1,1322_76_180430,432_139_180505
U1496Z301,U1496Z1,1,1322_78_180430,432_91_180512
U1496Z301,U1496Z2,1,1322_70_180430,432_140_180505
U1496Z301,U1496Z2,1,1322_43_180430,432_141_180609
U1496Z301,U1496Z1,1,1322_45_180430,432_94_180501
U1496Z301,U1496Z2,1,1322_23_180430,432_142_180609
U1496Z301,U1496Z2,1,1322_57_180430,432_96_180501
U1496Z301,U1496Z1,1,1322_59_180430,432_97_180501
U1496Z301,U1496Z2,1,1322_35_180430,432_49_180512
U1496Z301,U1496Z1,1,1322_49_180430,432_29_180512
U1496Z301,U1496Z1,1,1322_13_180430,432_31_180512
U1496Z301,U1496Z1,1,1322_84_180501,432_98_180512
U1496Z301,U1496Z2,1,1322_39_180430,432_101_180501
U1496Z301,U1496Z1,1,1322_41_180430,432_102_180512
U1496Z301,U1496Z2,1,1322_19_180430,432_55_180505
U1496Z301,U1496Z1,1,1322_21_180430,432_78_180512
U1496Z301,U1496Z2,1,1322_53_180430,432_151_180505
U1496Z301,U1496Z1,1,1322_55_180430,432_80_180512
U1496Z301,U1496Z2,1,1322_31_180430,432_152_180609
U1496Z301,U1496Z1,1,1322_33_180430,432_106_180512
U1496Z301,U1496Z2,1,1322_9_180430,432_153_180609
U1496Z301,U1496Z1,1,1322_11_180430,432_63_180501
U1496Z301,U1496Z2,1,1322_80_180430,432_108_180609
U1496Z301,U1496Z2,1,1322_74_180430,432_67_180501
U1496Z301,U1496Z1,1,1322_61_180430,432_109_180501
U1496Z301,U1496Z1,1,1322_39_180430,432_111_180501
U1496Z301,U1496Z1,1,1322_5_180430,432_113_180512
U1496Z301,U1496Z1,1,1322_19_180430,432_115_180512
U1496Z301,U1496Z1,1,1322_76_180430,432_117_180512
U1496Z301,U1496Z1,1,1322_53_180430,432_119_180512
U1496Z301,U1496Z1,1,1322_70_180430,432_121_180512
U1496Z301,U1496Z1,1,1322_31_180430,432_123_180512
U1496Z301,U1496Z1,1,1322_43_180430,432_125_180501
U1496Z301,U1496Z1,1,1322_9_180430,432_127_180501
U1496Z301,U1496Z1,1,1322_23_180430,432_129_180501
U1496Z301,U1496Z1,1,1322_80_180430,432_131_180501
U1496Z301,U1496Z1,1,1322_57_180430,432_133_180501
U1496Z301,U1496Z1,1,1322_74_180430,432_135_180501
U1496Z301,U1496Z1,1,1322_35_180430,432_137_180512
U1496Z301,U1496Z2,1,1322_47_180430,432_138_180512
U2432Z301,U2432Z1,1,1309_32_180430,432_187_180615
U2432Z301,U2432Z1,1,1309_7_180430,432_193_180615
U2432Z301,U2432Z1,1,1309_9_180430,432_195_180615
U2432Z301,U2432Z1,1,1309_117_180430,432_200_180615
U2432Z301,U2432Z1,1,1309_119_180430,432_213_180615
U1442Z302,U1442Z2,1,1301_23_180430,433_7_180430
U1497Z1,U1497Z1,1,398_60_180509,433_7_180430
U1434Z1,U1434Z2,1,398_14_180509,433_12_180430
U1442Z302,U1442Z2,1,1301_50_180430,433_13_180430
U1434Z1,U1434Z2,1,398_4_180509,433_14_180430
U1434Z1,U1434Z1,1,398_42_180509,433_17_180430
U1434Z1,U1434Z2,1,398_20_180509,433_20_180430
U1434Z2,U1434Z2,1,433_22_180430,433_22_180430
U1434Z1,U1434Z2,1,398_18_180509,433_25_180430
U1442Z302,U1442Z2,1,1301_64_180430,433_26_180430
U1497Z1,U1497Z1,1,398_44_180509,433_26_180430
U1442Z302,U1442Z2,1,1301_79_180430,433_27_180430
U1497Z1,U1497Z1,1,398_34_180509,433_27_180430
U1442Z302,U1442Z2,1,1301_10_180430,433_30_180430
U1434Z1,U1434Z1,1,398_4_180509,433_30_180430
U1496Z301,U1496Z2,1,1322_9_180430,434_1_180430
U2973Z302,U2973Z8,1,1223_6_180430,434_1_180430
U1496Z301,U1496Z1,1,1322_72_180430,434_3_180430
U1496Z301,U1496Z1,1,1322_76_180430,434_7_180430
U1496Z301,U1496Z2,1,1322_31_180430,434_8_180430
U2973Z302,U2973Z8,1,1223_12_180430,434_8_180430
U1496Z301,U1496Z1,1,1322_11_180430,434_9_180430
U1496Z301,U1496Z2,1,1322_80_180430,434_10_180430
U1496Z301,U1496Z1,1,1322_82_180430,434_12_180430
U1496Z301,U1496Z2,1,1322_74_180430,434_13_180430
U1496Z301,U1496Z2,1,1322_19_180430,434_16_180430
U2973Z302,U2973Z8,1,1223_10_180430,434_16_180430
U1496Z301,U1496Z1,1,1322_7_180430,434_17_180501
U1496Z301,U1496Z2,1,1322_76_180430,434_23_180603
U1496Z301,U1496Z1,1,1322_72_180430,434_19_180501
U1496Z301,U1496Z2,1,1322_43_180430,434_20_180603
U1496Z301,U1496Z1,1,1322_25_180430,434_21_180501
U1496Z301,U1496Z2,1,1322_57_180430,434_22_180603
U1496Z301,U1496Z2,1,1322_43_180430,434_24_180610
U1496Z301,U1496Z2,1,1322_9_180430,434_1_180611
U2973Z302,U2973Z8,1,1223_6_180430,434_1_180611
U1496Z301,U1496Z2,1,1322_31_180430,434_8_180611
U2973Z302,U2973Z8,1,1223_12_180430,434_8_180611
U1496Z301,U1496Z2,1,1322_80_180430,434_10_180611
U1496Z301,U1496Z2,1,1322_74_180430,434_13_180611
U1496Z301,U1496Z1,1,1322_41_180430,434_15_180611
U1496Z301,U1496Z2,1,1322_19_180430,434_16_180611
U2973Z302,U2973Z8,1,1223_10_180430,434_16_180611
U2973Z302,U2973Z8,1,1223_6_180430,434_25_180615
U2973Z302,U2973Z8,1,1223_12_180430,434_27_180615
U2973Z302,U2973Z8,1,1223_10_180430,434_30_180615
U2269Z301,U2269Z4,1,1301_30_180430,435_72_180530
U2269Z301,U2269Z6,1,1301_3_180430,435_73_180530
U2269Z301,U2269Z4,1,1301_45_180430,435_8_180430
U2269Z301,U2269Z6,1,1301_30_180430,435_9_180430
U2269Z301,U2269Z4,1,1301_36_180430,435_10_180430
U2269Z301,U2269Z6,1,1301_76_180430,435_75_180530
U2269Z301,U2269Z4,1,1301_49_180430,435_76_180530
U2269Z301,U2269Z6,1,1301_78_180430,435_77_180530
U2269Z301,U2269Z4,1,1301_38_180430,435_14_180430
U2269Z301,U2269Z6,1,1301_49_180430,435_78_180530
U2269Z301,U2269Z4,1,1301_40_180430,435_79_180530
U2269Z301,U2269Z4,1,1301_51_180430,435_17_180430
U2269Z301,U2269Z6,1,1301_74_180430,435_19_180430
U2269Z301,U2269Z6,1,1301_47_180430,435_21_180430
U2269Z301,U2269Z4,1,1301_32_180430,435_22_180430
U2269Z301,U2269Z6,1,1301_72_180430,435_80_180530
U2269Z301,U2269Z4,1,1301_34_180430,435_81_180530
U2269Z301,U2269Z6,1,1301_36_180430,435_82_180530
U2269Z301,U2269Z4,1,1301_76_180430,435_83_180530
U2269Z301,U2269Z6,1,1301_38_180430,435_84_180530
U2269Z301,U2269Z4,1,1301_78_180430,435_85_180530
U2269Z301,U2269Z6,1,1301_40_180430,435_29_180430
U2269Z301,U2269Z6,1,1301_18_180430,435_32_180501
U2269Z301,U2269Z4,1,1301_32_180430,435_33_180501
U2269Z301,U2269Z6,1,1301_7_180430,435_34_180501
U2269Z301,U2269Z4,1,1301_74_180430,435_35_180501
U2269Z301,U2269Z6,1,1301_63_180430,435_36_180501
U2269Z301,U2269Z4,1,1301_85_180501,435_37_180501
U2269Z301,U2269Z6,1,1301_65_180430,435_88_180602
U1496Z301,U1496Z2,1,1322_61_180430,436_44_180522
U1496Z301,U1496Z1,1,1322_31_180430,436_45_180522
U1496Z301,U1496Z2,1,1322_33_180430,436_6_180430
U1496Z301,U1496Z1,1,1322_23_180430,436_7_180430
U1496Z301,U1496Z2,1,1322_25_180430,436_46_180522
U1496Z301,U1496Z1,1,1322_80_180430,436_47_180522
U1496Z301,U1496Z2,1,1322_82_180430,436_10_180430
U1496Z301,U1496Z2,1,1322_5_180430,436_48_180522
U1496Z301,U1496Z2,1,1322_76_180430,436_16_180430
U1496Z301,U1496Z1,1,1322_70_180430,436_17_180430
U1496Z301,U1496Z2,1,1322_72_180430,436_18_180430
U3030Z2,U3030Z2,1,499_17_180430,436_50_180522
U3174Z1,U3174Z2,1,436_39_180430,436_22_180430
U1496Z301,U1496Z1,1,1322_57_180430,436_51_180522
U1496Z301,U1496Z2,1,1322_59_180430,436_52_180522
U1496Z301,U1496Z1,1,1322_74_180430,436_53_180522
U3174Z2,U3174Z2,1,436_16_180430,436_30_180430
U3174Z2,U3174Z2,1,436_16_180611,436_30_180430
U3174Z2,U3174Z2,1,436_66_180615,436_30_180430
U1496Z301,U1496Z1,1,1322_43_180430,436_56_180522
U1496Z301,U1496Z2,1,1322_45_180430,436_57_180522
U1496Z301,U1496Z1,1,1322_9_180430,436_35_180430
U1496Z301,U1496Z2,1,1322_11_180430,436_36_180430
U1496Z301,U1496Z2,1,1322_61_180430,436_3_180611
U1496Z301,U1496Z1,1,1322_31_180430,436_5_180611
U1496Z301,U1496Z2,1,1322_33_180430,436_6_180611
U1496Z301,U1496Z1,1,1322_23_180430,436_7_180611
U1496Z301,U1496Z2,1,1322_25_180430,436_8_180611
U1496Z301,U1496Z1,1,1322_80_180430,436_9_180611
U1496Z301,U1496Z2,1,1322_82_180430,436_10_180611
U1496Z301,U1496Z2,1,1322_5_180430,436_14_180611
U1496Z301,U1496Z2,1,1322_76_180430,436_16_180611
U1496Z301,U1496Z1,1,1322_70_180430,436_17_180611
U1496Z301,U1496Z2,1,1322_72_180430,436_18_180611
U3030Z2,U3030Z2,1,499_17_180430,436_19_180611
U1496Z301,U1496Z1,1,1322_57_180430,436_24_180611
U1496Z301,U1496Z2,1,1322_59_180430,436_25_180611
U1496Z301,U1496Z1,1,1322_74_180430,436_26_180611
U1496Z301,U1496Z1,1,1322_43_180430,436_31_180611
U1496Z301,U1496Z2,1,1322_45_180430,436_32_180611
U1496Z301,U1496Z1,1,1322_9_180430,436_35_180611
U1496Z301,U1496Z2,1,1322_11_180430,436_36_180611
U3030Z2,U3030Z2,1,499_17_180430,436_68_180615
U2490Z1,U2490Z1,1,390_18_180430,438_4_180430
U2490Z1,U2490Z1,1,360_28_180430,438_6_180430
U2490Z1,U2490Z1,1,390_24_180430,438_8_180430
U2490Z2,U2490Z1,1,390_41_180430,438_8_180430
U2490Z1,U2490Z1,1,390_33_180430,438_14_180430
U2490Z1,U2490Z1,1,360_12_180430,438_16_180430
U2510Z1,U2510Z1,1,438_11_180430,438_17_180430
U2490Z2,U2490Z1,1,360_9_180430,438_22_180528
U2490Z1,U2490Z1,1,360_2_180430,438_24_180528
U2490Z1,U2490Z1,1,361_62_180501,438_31_180526
U2490Z1,U2490Z1,1,390_46_180501,438_33_180526
U2490Z1,U2490Z1,1,361_67_180505,438_35_180526
U2490Z1,U2490Z1,1,361_66_180501,438_35_180526
U2490Z1,U2490Z1,1,361_60_180501,438_37_180526
U2490Z1,U2490Z1,1,361_69_180505,438_37_180526
U2490Z1,U2490Z1,1,360_40_180501,440_1_180501
U2490Z1,U2490Z1,1,338_43_180501,440_3_180501
U2490Z1,U2490Z1,1,360_45_180501,440_5_180501
U2490Z1,U2490Z1,1,360_44_180501,440_7_180501
U2349Z301,U2349Z2,1,1322_23_180430,443_2_180430
U1434Z1,U1434Z1,1,398_14_180509,443_2_180430
U2349Z301,U2349Z2,1,1322_80_180430,443_6_180430
U1434Z1,U1434Z1,1,398_20_180509,443_6_180430
U1434Z1,U1434Z1,1,433_13_180430,443_6_180430
U1434Z1,U1434Z1,1,398_2_180509,443_8_180430
U2349Z301,U2349Z2,1,1302_18_180430,443_10_180430
U2349Z301,U2349Z2,1,1322_43_180430,443_12_180430
U1434Z1,U1434Z1,1,398_52_180509,443_12_180430
U2349Z301,U2349Z2,1,1302_7_180430,443_16_180430
U2349Z301,U2349Z2,1,1302_34_180430,443_18_180430
U2349Z301,U2349Z2,1,1322_9_180430,443_20_180430
U1434Z1,U1434Z1,1,398_18_180509,443_20_180430
U2349Z301,U2349Z2,1,1302_15_180430,443_23_180430
U2349Z301,U2349Z2,1,1302_52_180430,443_28_180430
U2349Z301,U2349Z2,1,1302_18_180430,443_29_180501
U2349Z301,U2349Z2,1,1302_27_180501,443_33_180501
U2349Z301,U2349Z2,1,1302_54_180430,443_35_180501
U2349Z301,U2349Z2,1,1322_23_180430,443_2_180611
U1434Z1,U1434Z1,1,398_14_180509,443_2_180611
U1434Z1,U1434Z1,1,398_2_180509,443_8_180611
U2349Z301,U2349Z2,1,1322_43_180430,443_12_180611
U1434Z1,U1434Z1,1,398_52_180509,443_12_180611
U1564Z1,U1564Z1,1,339_43_180604,444_14_180430
U1564Z1,U1564Z1,1,339_63_180604,444_19_180430
U1564Z1,U1564Z1,1,337_30_180430,444_38_180430
U1564Z1,U1564Z1,1,337_82_180604,444_95_180604
U1564Z1,U1564Z1,1,339_50_180604,444_98_180604
U1564Z1,U1564Z1,1,337_79_180604,444_22_180430
U1564Z1,U1564Z1,1,339_55_180604,444_23_180430
U1564Z1,U1564Z1,1,339_46_180604,444_25_180430
U1564Z1,U1564Z1,1,339_41_180604,444_27_180430
U1564Z1,U1564Z1,1,337_33_180430,444_44_180604
U2518Z301,U2518Z2,1,1308_24_180430,445_10_180430
U2518Z301,U2518Z2,1,1308_37_180430,445_14_180430
U2518Z301,U2518Z2,1,1308_10_180430,445_16_180430
U2518Z301,U2518Z2,1,1308_26_180430,445_18_180430
U2518Z301,U2518Z2,1,1308_14_180430,445_20_180430
U1712Z2,U1712Z3,1,317_40_180430,446_7_180430
U1712Z1,U1712Z3,1,317_13_180430,446_9_180430
U1712Z1,U1712Z3,1,317_46_180430,446_11_180430
U1712Z2,U1712Z3,1,317_14_180430,446_13_180430
U1712Z1,U1712Z3,1,317_26_180430,446_19_180430
U1712Z2,U1712Z3,1,317_3_180430,446_19_180430
U1712Z1,U1712Z3,1,317_32_180430,446_21_180430
U1712Z1,U1712Z3,1,317_32_180505,446_21_180430
U1712Z1,U1712Z3,1,317_32_180501,446_21_180430
U1712Z2,U1712Z3,1,317_33_180430,446_23_180430
U1712Z2,U1712Z3,1,317_33_180505,446_23_180430
U1712Z2,U1712Z3,1,317_33_180501,446_23_180430
U1712Z1,U1712Z3,1,317_15_180430,446_27_180430
U1712Z1,U1712Z3,1,317_15_180501,446_27_180430
U1712Z2,U1712Z3,1,317_16_180430,446_29_180430
U1712Z2,U1712Z3,1,317_27_180430,446_31_180430
U1712Z1,U1712Z3,1,317_6_180430,446_33_180430
U1712Z1,U1712Z3,1,317_6_180501,446_33_180430
U1712Z2,U1712Z3,1,317_42_180430,446_35_180430
U1712Z1,U1712Z3,1,317_17_180430,446_37_180430
U1712Z2,U1712Z3,1,317_7_180430,446_39_180430
U1712Z1,U1712Z3,1,317_28_180430,446_41_180430
U1712Z2,U1712Z3,1,317_18_180430,446_43_180430
U1712Z1,U1712Z3,1,317_34_180430,446_45_180430
U1712Z1,U1712Z3,1,317_34_180505,446_45_180430
U1712Z1,U1712Z3,1,317_34_180501,446_45_180430
U1712Z2,U1712Z3,1,317_35_180430,446_47_180430
U1712Z1,U1712Z3,1,317_8_180430,446_49_180430
U1712Z2,U1712Z3,1,317_9_180430,446_51_180430
U1712Z1,U1712Z3,1,317_53_180430,446_53_180430
U1712Z1,U1712Z3,1,317_53_180501,446_53_180430
U1712Z2,U1712Z3,1,317_54_180430,446_55_180430
U1712Z2,U1712Z3,1,317_54_180501,446_55_180430
U1712Z1,U1712Z3,1,317_36_180430,446_57_180430
U1712Z2,U1712Z3,1,317_37_180430,446_59_180430
U1712Z1,U1712Z3,1,317_21_180430,446_61_180430
U1712Z1,U1712Z3,1,317_21_180501,446_61_180430
U1712Z2,U1712Z3,1,317_22_180430,446_63_180430
U1712Z1,U1712Z3,1,317_52_180430,446_64_180430
U1712Z1,U1712Z3,1,317_10_180430,446_66_180430
U1712Z1,U1712Z3,1,317_10_180505,446_66_180430
U1712Z2,U1712Z3,1,317_11_180430,446_68_180430
U1712Z2,U1712Z3,1,317_11_180501,446_68_180430
U1712Z2,U1712Z3,1,317_40_180505,446_7_180501
U1712Z2,U1712Z3,1,317_40_180501,446_7_180501
U1712Z1,U1712Z3,1,317_2_180505,446_70_180501
U1712Z1,U1712Z3,1,317_2_180501,446_70_180501
U1712Z2,U1712Z3,1,317_42_180501,446_72_180501
U1853Z301,U1853Z1,1,1307_73_180430,448_3_180604
U1732Z1,U1732Z2,1,318_59_180430,448_4_180604
U1853Z301,U1853Z1,1,1307_67_180430,448_5_180604
U1853Z301,U1853Z1,1,1307_111_180430,448_8_180604
U1853Z301,U1853Z1,1,1307_32_180430,448_12_180604
U1853Z301,U1853Z1,1,1307_123_180430,448_14_180604
U1853Z301,U1853Z1,1,1307_132_180430,448_16_180604
U1853Z301,U1853Z1,1,1307_102_180430,448_18_180604
U1709Z2,U1709Z2,1,317_42_180430,448_22_180604
U1853Z301,U1853Z1,1,1307_115_180430,448_37_180604
U1853Z301,U1853Z1,1,1307_49_180430,448_39_180609
U1853Z301,U1853Z1,1,1307_53_180430,448_41_180609
U1853Z301,U1853Z1,1,1307_57_180430,448_42_180609
U1853Z301,U1853Z1,1,1307_59_180430,448_43_180610
U1709Z2,U1709Z2,1,317_7_180430,449_1_180430
U1709Z2,U1709Z2,1,317_29_180430,449_5_180430
U1709Z2,U1709Z2,1,317_22_180430,449_10_180430
U1709Z2,U1709Z2,1,317_11_180430,449_13_180430
U2109Z1,U2109Z1,1,332_72_180430,452_3_180430
U2109Z1,U2109Z1,1,332_17_180430,452_5_180430
U2109Z1,U2109Z1,1,332_102_180430,452_11_180430
U1384Z301,U1384Z3,1,1217_14_180430,452_12_180430
U2109Z1,U2109Z1,1,332_74_180430,452_15_180430
U1384Z301,U1384Z3,1,1217_10_180430,452_16_180430
U2109Z1,U2109Z1,1,332_15_180430,452_23_180430
U2109Z1,U2109Z1,1,332_54_180430,452_25_180430
U1384Z301,U1384Z3,1,1217_28_180430,452_26_180430
U2109Z1,U2109Z1,1,332_84_180430,452_32_180430
U2109Z1,U2109Z1,1,332_58_180430,452_35_180430
U1593Z1,U1593Z2,1,339_36_180604,452_36_180430
U1384Z301,U1384Z3,1,1217_8_180430,452_40_180430
U2109Z1,U2109Z1,1,332_7_180430,452_42_180430
U1384Z301,U1384Z3,1,1217_7_180430,452_43_180430
U1384Z301,U1384Z3,1,1217_16_180430,452_44_180430
U1384Z301,U1384Z3,1,1217_39_180501,452_44_180430
U1384Z301,U1384Z3,1,1217_32_180430,452_49_180430
U2109Z1,U2109Z1,1,332_29_180430,452_52_180430
U2109Z1,U2109Z1,1,332_9_180430,452_54_180430
U2109Z1,U2109Z1,1,332_82_180430,452_56_180430
U2109Z1,U2109Z1,1,332_32_180501,452_76_180602
U1384Z301,U1384Z3,1,1217_5_180501,452_77_180602
U2109Z1,U2109Z1,1,332_124_180501,452_78_180602
U2109Z1,U2109Z1,1,332_90_180501,452_82_180602
U1384Z301,U1384Z3,1,1217_22_180430,452_83_180602
U2109Z1,U2109Z1,1,332_88_180501,452_84_180602
U1384Z301,U1384Z3,1,1217_2_180505,452_85_180602
U2109Z1,U2109Z1,1,332_19_180501,452_86_180602
U1384Z301,U1384Z3,1,1217_26_180430,452_87_180602
U2109Z1,U2109Z1,1,332_5_180430,452_91_180602
U2109Z1,U2109Z1,1,332_70_180430,452_93_180602
U2109Z1,U2109Z1,1,332_32_180501,452_60_180527
U2109Z1,U2109Z1,1,332_90_180501,452_64_180527
U2109Z1,U2109Z1,1,332_88_180501,452_66_180527
U2109Z1,U2109Z1,1,332_19_180501,452_68_180527
U2109Z1,U2109Z1,1,332_5_180430,452_70_180527
U2109Z1,U2109Z1,1,332_70_180430,452_72_180527
U2109Z1,U2109Z1,1,332_124_180501,452_74_180527
U1384Z301,U1384Z3,1,1217_20_180430,453_2_180430
U1384Z301,U1384Z3,1,1217_2_180430,453_5_180430
U1384Z301,U1384Z3,1,1217_10_180430,453_9_180430
U1593Z4,U1593Z5,1,452_2_180430,453_13_180430
U1384Z301,U1384Z3,1,1217_7_180430,453_34_180602
U1384Z301,U1384Z3,1,1217_7_180430,453_28_180527
U1384Z301,U1384Z4,1,1217_24_180430,454_1_180430
U3303Z1,U3303Z2,1,459_18_180430,454_44_180604
U1384Z301,U1384Z4,1,1217_20_180430,454_8_180430
U1384Z301,U1384Z4,1,1217_28_180430,454_9_180430
U1384Z301,U1384Z4,1,1217_7_180430,454_10_180430
U3303Z2,U3303Z2,1,455_15_180430,454_16_180430
U1384Z301,U1384Z4,1,1217_22_180430,454_47_180604
U1384Z301,U1384Z4,1,1217_5_180430,454_24_180430
U1384Z301,U1384Z4,1,1217_10_180430,454_26_180430
U1384Z301,U1384Z4,1,1217_18_180430,454_37_180602
U1384Z301,U1384Z4,1,1217_28_180430,454_41_180602
U1384Z301,U1384Z4,1,1217_16_180505,454_34_180501
U1384Z301,U1384Z4,1,1217_39_180501,454_34_180501
U1384Z301,U1384Z4,1,1217_8_180430,454_35_180501
U1384Z301,U1384Z4,1,1217_5_180430,454_24_180613
U3303Z1,U3303Z1,1,454_24_180430,455_2_180430
U3303Z1,U3303Z1,1,454_24_180613,455_2_180430
U2545Z1,U2545Z4,1,390_40_180430,455_3_180514
U1384Z301,U1384Z5,1,1217_18_180430,455_20_180514
U3303Z1,U3303Z2,1,459_3_180430,455_21_180514
U1384Z301,U1384Z5,1,1217_7_180430,455_24_180519
U1384Z301,U1384Z5,1,1217_32_180501,455_27_180519
U2824Z301,U2824Z1,1,1304_8_180430,456_7_180509
U2824Z301,U2824Z1,1,1304_26_180430,456_11_180509
U2824Z301,U2824Z1,1,1304_17_180430,456_15_180509
U2824Z301,U2824Z1,1,1304_39_180430,456_17_180509
U2824Z301,U2824Z1,1,1304_24_180430,456_52_180509
U2824Z301,U2824Z1,1,1304_15_180430,456_54_180509
U3303Z1,U3303Z2,1,455_16_180514,459_4_180430
U4561Z1,U4561Z2,1,459_15_180430,459_8_180430
U4561Z1,U4561Z2,1,459_15_180613,459_8_180430
U3303Z1,U3303Z2,1,454_22_180430,459_16_180430
U3303Z1,U3303Z2,1,454_45_180604,459_19_180430
U3303Z1,U3303Z2,1,454_22_180430,459_16_180613
U1696Z301,U1696Z1,1,1309_106_180430,461_4_180430
U1696Z301,U1696Z1,1,1309_39_180430,461_6_180430
U1696Z301,U1696Z1,1,1309_123_180430,461_8_180430
U1696Z301,U1696Z1,1,1309_110_180430,461_10_180430
U1598Z1,U1598Z2,1,363_7_180430,461_10_180430
U1598Z1,U1598Z2,1,363_283_180611,461_10_180430
U1696Z301,U1696Z1,1,1309_120_180430,461_12_180430
U1696Z301,U1696Z1,1,1309_112_180430,461_13_180430
U1598Z1,U1598Z2,1,363_112_180430,461_13_180430
U1598Z1,U1598Z2,1,363_187_180611,461_13_180430
U1696Z301,U1696Z1,1,1309_42_180430,461_20_180430
U1696Z301,U1696Z1,1,1309_108_180430,461_30_180430
U1598Z1,U1598Z2,1,363_108_180430,461_30_180430
U1598Z1,U1598Z2,1,363_183_180611,461_30_180430
U1696Z301,U1696Z1,1,1309_8_180430,461_32_180430
U1696Z301,U1696Z1,1,1309_127_180430,461_34_180430
U1696Z301,U1696Z1,1,1309_43_180430,461_37_180430
U1696Z301,U1696Z1,1,1309_29_180430,461_50_180430
U1696Z301,U1696Z1,1,1309_31_180430,461_55_180430
U1696Z301,U1696Z1,1,1309_125_180430,461_57_180430
U1696Z301,U1696Z1,1,1309_33_180430,461_59_180430
U1696Z301,U1696Z1,1,1309_113_180430,461_61_180430
U1696Z301,U1696Z1,1,1309_118_180430,461_63_180430
U1696Z301,U1696Z1,1,1309_115_180430,461_65_180430
U1696Z301,U1696Z1,1,1309_42_180430,461_20_180501
U1696Z301,U1696Z1,1,1309_64_180430,462_7_180430
U1696Z301,U1696Z1,1,1309_54_180430,462_11_180430
U1696Z301,U1696Z1,1,1309_70_180430,462_13_180430
U1696Z301,U1696Z1,1,1309_99_180430,463_6_180430
U2831Z301,U2831Z1,1,1304_35_180430,464_2_180430
U2831Z301,U2831Z1,1,1304_24_180430,464_8_180430
U2831Z301,U2831Z1,1,1304_11_180430,464_11_180430
U2831Z301,U2831Z1,1,1304_6_180430,464_21_180430
U2831Z301,U2831Z1,1,1304_24_180430,464_25_180611
U2831Z301,U2831Z1,1,1304_11_180430,464_27_180611
U2236Z301,U2236Z3,1,1304_51_180430,466_2_180430
U2236Z301,U2236Z3,1,1304_74_180430,466_4_180430
U2236Z301,U2236Z3,1,1304_10_180430,466_6_180430
U2236Z301,U2236Z3,1,1304_53_180430,466_8_180430
U2236Z301,U2236Z3,1,1304_39_180430,466_10_180430
U2236Z301,U2236Z3,1,1304_26_180430,466_14_180430
U2236Z301,U2236Z3,1,1304_8_180430,466_18_180430
U2236Z301,U2236Z3,1,1304_68_180430,466_23_180430
U2236Z301,U2236Z3,1,1304_33_180430,466_27_180430
U2236Z301,U2236Z3,1,1304_72_180430,466_30_180430
U1793Z5,U1793Z5,1,467_79_180521,467_106_180530
U9176Z2,U9176Z1,1,668_9_180430,467_76_180521
U9176Z2,U9176Z2,1,668_17_180430,467_118_180530
U9176Z2,U9176Z1,1,668_2_180430,467_120_180530
U9176Z2,U9176Z1,1,668_11_180430,467_126_180530
U9176Z2,U9176Z2,1,668_15_180430,467_129_180530
U1793Z3,U1793Z5,1,369_29_180507,467_132_180602
U1793Z3,U1793Z5,1,369_15_180501,467_133_180602
U1793Z3,U1793Z5,1,369_72_180507,467_134_180602
U1793Z3,U1793Z5,1,369_29_180507,467_137_180616
U1793Z3,U1793Z5,1,369_15_180501,467_139_180616
U1793Z3,U1793Z5,1,369_72_180507,467_141_180616
U1696Z301,U1696Z1,1,1309_99_180430,469_2_180521
U1696Z301,U1696Z1,1,1309_10_180430,469_5_180604
U1696Z301,U1696Z1,1,1309_56_180430,469_10_180430
U1696Z301,U1696Z1,1,1309_20_180430,469_16_180521
U1696Z301,U1696Z1,1,1309_99_180430,469_49_180611
U1696Z301,U1696Z1,1,1309_56_180430,469_51_180611
U1696Z301,U1696Z1,1,1309_20_180430,469_53_180611
U1785Z2,U1785Z2,1,473_7_180430,470_5_180430
U1785Z2,U1785Z2,1,473_9_180430,470_7_180430
U1785Z1,U1785Z1,1,473_6_180430,470_10_180430
U1785Z2,U1785Z2,1,473_2_180430,470_11_180430
U1242Z1,U1242Z1,1,472_1_180430,471_11_180528
U1785Z4,U1785Z4,1,473_11_180430,471_19_180528
U1785Z4,U1785Z4,1,470_12_180430,471_29_180528
U1785Z4,U1785Z3,1,473_11_180430,471_38_180430
U1242Z1,U1242Z1,1,472_3_180528,471_40_180430
U1242Z1,U1242Z1,1,472_17_180611,471_40_180430
U1242Z1,U1242Z1,1,377_28_180430,471_47_180430
U1242Z1,U1242Z1,1,377_30_180430,471_48_180528
U1785Z4,U1785Z4,1,369_77_180501,471_49_180501
U1785Z4,U1785Z4,1,369_121_180501,471_51_180501
U1785Z4,U1785Z4,1,369_93_180501,471_56_180501
U1785Z4,U1785Z4,1,369_93_180501,471_81_180610
U1242Z1,U1242Z1,1,472_1_180430,471_82_180611
U1785Z4,U1785Z4,1,473_11_180430,471_83_180611
U1785Z4,U1785Z4,1,470_12_180430,471_73_180611
U1242Z1,U1242Z1,1,377_30_180430,471_79_180611
U1242Z1,U1242Z1,1,471_39_180430,472_3_180528
U1242Z1,U1242Z1,1,476_11_180430,472_5_180528
U1921Z2,U1921Z1,1,471_36_180528,472_7_180528
U1242Z1,U1242Z1,1,377_87_180430,472_8_180430
U1242Z1,U1242Z1,1,377_18_180430,472_11_180528
U1242Z1,U1242Z1,1,377_50_180430,472_13_180430
U1242Z1,U1242Z1,1,471_39_180430,472_17_180611
U1242Z1,U1242Z1,1,476_11_180430,472_25_180611
U1921Z2,U1921Z1,1,471_36_180528,472_19_180611
U1785Z2,U1785Z2,1,470_11_180430,473_2_180430
U1785Z1,U1785Z1,1,470_10_180430,473_6_180430
U1785Z2,U1785Z2,1,470_5_180430,473_7_180430
U2346Z1,U2346Z2,1,466_31_180430,473_8_180430
U1785Z2,U1785Z2,1,470_7_180430,473_9_180430
U1785Z3,U1785Z3,1,471_12_180528,473_12_180430
U2228Z1,U2228Z2,1,370_37_180430,473_13_180430
U1793Z5,U1793Z9,1,467_116_180530,474_76_180521
U1333Z2,U1333Z2,1,497_19_180430,480_1_180430
U1333Z2,U1333Z2,1,497_21_180430,480_3_180430
U1333Z2,U1333Z2,1,497_5_180430,480_5_180430
U1333Z2,U1333Z2,1,497_5_180615,480_5_180430
U1333Z2,U1333Z2,1,497_17_180430,480_7_180430
U1333Z2,U1333Z2,1,497_8_180430,480_9_180430
U1333Z2,U1333Z2,1,497_8_180615,480_9_180430
U1610Z301,U1610Z2,1,1301_40_180430,484_4_180430
U1610Z301,U1610Z2,1,1301_49_180430,484_6_180430
U1610Z301,U1610Z2,1,1301_78_180430,484_7_180430
U1610Z301,U1610Z2,1,1301_76_180430,484_12_180430
U1610Z301,U1610Z2,1,1301_38_180430,484_13_180430
U1610Z301,U1610Z2,1,1301_49_180430,484_6_180611
U1610Z301,U1610Z2,1,1301_78_180430,484_7_180611
U1610Z301,U1610Z2,1,1301_40_180430,484_4_180611
U1610Z301,U1610Z2,1,1301_76_180430,484_12_180611
U1610Z301,U1610Z2,1,1301_38_180430,484_13_180611
U2522Z1,U2522Z3,1,390_14_180430,485_8_180430
U2522Z1,U2522Z3,1,390_2_180430,485_19_180430
U2008Z1,U2008Z3,1,381_68_180502,489_3_180604
U1696Z301,U1696Z2,1,1309_81_180430,489_4_180604
U2008Z1,U2008Z3,1,382_28_180512,489_6_180430
U1696Z301,U1696Z2,1,1309_108_180430,489_9_180604
U2008Z1,U2008Z3,1,381_59_180501,489_10_180604
U1696Z301,U1696Z2,1,1309_56_180430,489_11_180604
U2008Z1,U2008Z3,1,381_48_180502,489_12_180604
U1696Z301,U1696Z2,1,1309_50_180430,489_13_180604
U1696Z301,U1696Z2,1,1309_97_180430,489_15_180604
U2008Z1,U2008Z3,1,381_63_180501,489_16_180604
U1696Z301,U1696Z2,1,1309_72_180430,489_17_180604
U2008Z1,U2008Z3,1,381_54_180501,489_18_180604
U1696Z301,U1696Z2,1,1309_26_180430,489_19_180604
U2008Z1,U2008Z3,1,387_26_180430,489_20_180604
U2008Z1,U2008Z3,1,381_73_180502,489_23_180604
U1696Z301,U1696Z2,1,1309_83_180430,489_24_180604
U2008Z1,U2008Z3,1,381_66_180502,489_25_180604
U1696Z301,U1696Z2,1,1309_120_180430,489_26_180604
U1696Z301,U1696Z2,1,1309_26_180430,489_19_180609
U2008Z1,U2008Z3,1,381_80_180505,489_33_180609
U2008Z1,U2008Z3,1,381_40_180501,489_33_180609
U1696Z301,U1696Z2,1,1309_75_180430,489_42_180609
U2008Z1,U2008Z3,1,387_59_180505,489_43_180609
U1696Z301,U1696Z2,1,1309_138_180501,489_34_180609
U2008Z1,U2008Z3,1,387_32_180430,489_35_180609
U2008Z1,U2008Z3,1,387_50_180501,489_35_180609
U1696Z301,U1696Z2,1,1309_20_180430,489_36_180609
U2008Z1,U2008Z3,1,387_45_180505,489_23_180609
U1696Z301,U1696Z2,1,1309_101_180430,489_39_180609
U2008Z1,U2008Z3,1,382_43_180505,489_40_180609
U2008Z1,U2008Z3,1,382_43_180501,489_40_180609
U2008Z1,U2008Z3,1,381_63_180501,489_16_180610
U1696Z301,U1696Z2,1,1309_99_180430,489_37_180610
U2008Z1,U2008Z3,1,382_42_180501,489_38_180610
U2026Z2,U2026Z2,1,382_20_180514,490_1_180604
U2059Z1,U2059Z2,1,653_1_180430,490_1_180604
U1696Z301,U1696Z2,1,1309_18_180430,490_2_180604
U1696Z301,U1696Z2,1,1309_20_180430,490_5_180604
U1696Z301,U1696Z2,1,1309_112_180430,490_7_180604
U2046Z1,U2046Z1,1,653_7_180430,490_10_180430
U1696Z301,U1696Z2,1,1309_54_180430,490_12_180604
U1696Z2,U1696Z2,1,494_37_180604,490_12_180604
U1696Z301,U1696Z2,1,1309_110_180430,490_14_180604
U1696Z2,U1696Z2,1,494_49_180604,490_14_180604
U2026Z2,U2026Z2,1,382_39_180430,490_15_180604
U1696Z301,U1696Z2,1,1309_8_180430,490_19_180604
U1696Z301,U1696Z2,1,1309_103_180430,490_20_180604
U2026Z2,U2026Z2,1,654_17_180430,490_37_180604
U2059Z1,U2059Z2,1,653_7_180430,490_37_180604
U1696Z301,U1696Z2,1,1309_64_180430,490_23_180604
U2026Z2,U2026Z2,1,382_7_180430,490_24_180430
U1696Z301,U1696Z2,1,1309_125_180430,490_26_180604
U1696Z301,U1696Z2,1,1309_127_180430,490_28_180604
U1696Z301,U1696Z2,1,1309_16_180430,490_32_180609
U1696Z301,U1696Z2,1,1309_135_180501,490_32_180609
U1696Z301,U1696Z2,1,1309_97_180430,490_34_180609
U1696Z301,U1696Z2,1,1309_70_180430,490_36_180609
U2269Z301,U2269Z3,1,1301_61_180430,491_6_180509
U2269Z301,U2269Z3,1,1301_9_180430,491_8_180509
U2269Z301,U2269Z3,1,1301_24_180430,491_10_180509
U2269Z301,U2269Z3,1,1301_65_180430,491_12_180509
U2269Z301,U2269Z3,1,1301_13_180430,491_14_180509
U2008Z1,U2008Z3,1,381_53_180502,491_15_180509
U2269Z301,U2269Z3,1,1301_22_180430,491_20_180501
U2269Z301,U2269Z3,1,1301_59_180430,491_16_180501
U2269Z301,U2269Z3,1,1301_11_180430,491_21_180501
U2070Z1,U2070Z1,1,423_3_180530,491_62_180509
U2070Z1,U2070Z1,1,423_38_180530,491_65_180509
U2070Z1,U2070Z1,1,423_38_180611,491_65_180509
U2269Z301,U2269Z3,1,1301_59_180430,491_16_180509
U2269Z301,U2269Z3,1,1301_7_180430,491_67_180509
U2269Z301,U2269Z3,1,1301_22_180430,491_20_180509
U2269Z301,U2269Z3,1,1301_63_180430,491_70_180509
U2269Z301,U2269Z3,1,1301_11_180430,491_21_180509
U2020Z1,U2020Z1,1,382_23_180514,492_1_180514
U2020Z2,U2020Z2,1,382_11_180430,492_2_180514
U2020Z2,U2020Z2,1,382_25_180514,492_4_180514
U2020Z1,U2020Z1,1,382_26_180514,492_5_180514
U2020Z2,U2020Z2,1,382_20_180514,492_7_180514
U2020Z1,U2020Z1,1,382_12_180430,492_8_180514
U2020Z1,U2020Z1,1,382_10_180430,492_9_180430
U2020Z2,U2020Z2,1,382_36_180514,492_10_180430
U2020Z1,U2020Z1,1,382_8_180430,492_11_180430
U2020Z1,U2020Z1,1,382_6_180430,492_12_180430
U2020Z2,U2020Z2,1,382_7_180430,492_13_180430
U2020Z2,U2020Z2,1,382_5_180430,492_15_180514
U2020Z1,U2020Z1,1,382_17_180514,492_16_180514
U2020Z1,U2020Z1,1,382_4_180430,492_18_180514
U2020Z2,U2020Z2,1,382_14_180430,492_21_180430
U2020Z1,U2020Z1,1,382_55_180505,492_23_180505
U2020Z2,U2020Z2,1,382_48_180501,492_24_180501
U2020Z1,U2020Z1,1,382_17_180505,492_25_180501
U2020Z1,U2020Z1,1,382_17_180501,492_25_180501
U2020Z2,U2020Z2,1,382_44_180505,492_17_180501
U2020Z2,U2020Z2,1,382_44_180501,492_17_180501
U2020Z1,U2020Z1,1,382_45_180501,492_26_180501
U2020Z2,U2020Z2,1,382_53_180505,492_28_180505
U2020Z2,U2020Z2,1,382_47_180501,492_27_180501
U1696Z301,U1696Z2,1,1309_8_180430,494_41_180604
U1696Z301,U1696Z2,1,1309_93_180430,494_44_180604
U1696Z301,U1696Z2,1,1309_79_180430,494_46_180604
U1881Z1,U1881Z2,1,385_40_180430,494_47_180604
U1696Z301,U1696Z2,1,1309_22_180430,494_48_180604
U1696Z301,U1696Z2,1,1309_120_180430,494_50_180604
U1696Z301,U1696Z2,1,1309_91_180430,494_29_180609
U1696Z301,U1696Z2,1,1309_18_180430,494_31_180609
U1696Z301,U1696Z2,1,1309_99_180430,494_33_180609
U1696Z301,U1696Z2,1,1309_54_180430,495_1_180604
U1696Z2,U1696Z2,1,494_37_180604,495_1_180604
U1696Z301,U1696Z2,1,1309_62_180430,495_2_180604
U1696Z301,U1696Z2,1,1309_24_180430,495_4_180604
U1696Z301,U1696Z2,1,1309_77_180430,495_6_180604
U1696Z301,U1696Z2,1,1309_110_180430,495_8_180604
U1696Z301,U1696Z2,1,1309_58_180430,495_10_180604
U1696Z301,U1696Z2,1,1309_140_180501,495_12_180609
U1696Z301,U1696Z2,1,1309_52_180430,495_14_180609
U1696Z301,U1696Z2,1,1309_56_180430,495_16_180609
U1696Z301,U1696Z2,1,1309_97_180430,495_19_180611
U2236Z301,U2236Z3,1,1304_31_180430,496_2_180430
U2236Z301,U2236Z3,1,1304_22_180430,496_4_180430
U2236Z301,U2236Z3,1,1304_24_180430,496_6_180430
U2236Z301,U2236Z3,1,1304_15_180430,496_8_180430
U2236Z301,U2236Z3,1,1304_26_180430,496_10_180430
U2236Z301,U2236Z3,1,1304_17_180430,496_12_180430
U1333Z301,U1333Z2,1,1302_7_180430,497_5_180430
U1496Z301,U1496Z2,1,1322_43_180430,497_7_180430
U1333Z301,U1333Z1,1,1302_44_180430,497_7_180430
U1333Z301,U1333Z2,1,1302_20_180430,497_8_180430
U1496Z301,U1496Z2,1,1322_23_180430,497_9_180430
U1333Z301,U1333Z1,1,1302_27_180501,497_9_180430
U1333Z301,U1333Z2,1,1302_52_180430,497_17_180430
U1496Z301,U1496Z2,1,1322_31_180430,497_18_180430
U1333Z301,U1333Z1,1,1302_32_180430,497_18_180430
U1333Z301,U1333Z2,1,1302_44_180430,497_19_180430
U1496Z301,U1496Z2,1,1322_9_180430,497_20_180430
U1333Z301,U1333Z1,1,1302_20_180430,497_20_180430
U1333Z301,U1333Z2,1,1302_27_180501,497_21_180430
U1333Z301,U1333Z2,1,1302_7_180430,497_5_180615
U1333Z301,U1333Z1,1,1302_44_180430,497_7_180615
U1333Z301,U1333Z2,1,1302_20_180430,497_8_180615
U1333Z301,U1333Z1,1,1302_27_180501,497_9_180615
U1442Z301,U1442Z3,1,1301_11_180430,498_7_180430
U1442Z301,U1442Z3,1,1301_26_180430,498_9_180430
U1442Z301,U1442Z3,1,1301_5_180430,498_13_180430
U1442Z301,U1442Z3,1,1301_65_180430,498_15_180430
U1442Z301,U1442Z3,1,1301_61_180430,498_17_180430
U1442Z301,U1442Z3,1,1301_9_180430,498_19_180430
U1442Z301,U1442Z3,1,1301_24_180430,498_21_180430
U1442Z301,U1442Z3,1,1301_63_180430,498_25_180430
U1442Z301,U1442Z3,1,1301_59_180430,498_27_180430
U1442Z301,U1442Z3,1,1301_7_180430,498_29_180430
U1442Z301,U1442Z3,1,1301_22_180430,498_31_180430
U1442Z301,U1442Z3,1,1301_11_180430,498_7_180611
U1442Z301,U1442Z3,1,1301_26_180430,498_9_180611
U1442Z301,U1442Z3,1,1301_5_180430,498_13_180611
U1442Z301,U1442Z3,1,1301_65_180430,498_15_180611
U1442Z301,U1442Z3,1,1301_61_180430,498_17_180611
U1442Z301,U1442Z3,1,1301_9_180430,498_19_180611
U1442Z301,U1442Z3,1,1301_24_180430,498_21_180611
U1442Z301,U1442Z3,1,1301_63_180430,498_25_180611
U1442Z301,U1442Z3,1,1301_59_180430,498_27_180611
U1442Z301,U1442Z3,1,1301_7_180430,498_29_180611
U1442Z301,U1442Z3,1,1301_22_180430,498_31_180611
U2973Z302,U2973Z5,1,1210_43_180602,499_12_180430
U3030Z1,U3030Z1,1,436_43_180430,499_15_180430
U3030Z1,U3030Z1,1,436_34_180430,499_16_180430
U3030Z1,U3030Z1,1,436_34_180611,499_16_180430
U3030Z1,U3030Z1,1,436_34_180615,499_16_180430
U2236Z301,U2236Z2,1,1304_24_180430,620_6_180430
U2236Z301,U2236Z2,1,1304_26_180430,620_8_180430
U4421Z2,U4421Z2,1,621_11_180611,620_14_180430
U2236Z301,U2236Z2,1,1304_13_180430,620_16_180430
U2236Z301,U2236Z2,1,1304_37_180430,620_18_180430
U2236Z301,U2236Z2,1,1304_39_180430,620_20_180430
U2236Z301,U2236Z2,1,1304_22_180430,620_25_180430
U2236Z301,U2236Z2,1,1304_8_180430,620_27_180430
U2236Z301,U2236Z2,1,1304_10_180430,620_29_180430
U2236Z301,U2236Z2,1,1304_15_180430,620_32_180430
U2236Z301,U2236Z2,1,1304_17_180430,620_34_180430
U2094Z2,U2094Z2,1,350_51_180608,624_5_180608
U2094Z2,U2094Z2,1,350_22_180608,624_7_180608
U2094Z2,U2094Z2,1,350_53_180608,624_9_180608
U2094Z2,U2094Z2,1,350_43_180608,624_11_180608
U2094Z2,U2094Z2,1,350_11_180608,624_13_180608
U2094Z2,U2094Z2,1,350_41_180608,624_16_180608
U2094Z2,U2094Z2,1,350_33_180608,624_23_180608
U2094Z2,U2094Z2,1,350_9_180608,624_25_180608
U2094Z2,U2094Z2,1,350_24_180608,624_27_180608
U1554Z301,U1554Z1,1,1309_48_180430,651_6_180430
U1554Z301,U1554Z1,1,1309_16_180430,651_41_180528
U1554Z301,U1554Z1,1,1309_50_180430,651_43_180528
U1554Z301,U1554Z1,1,1309_66_180430,651_45_180528
U1554Z301,U1554Z1,1,1309_97_180430,651_47_180528
U1554Z301,U1554Z1,1,1309_68_180430,651_48_180528
U1554Z301,U1554Z1,1,1309_99_180430,651_20_180430
U1554Z301,U1554Z1,1,1309_83_180430,651_50_180528
U1554Z301,U1554Z1,1,1309_56_180430,651_57_180604
U1554Z301,U1554Z1,1,1309_24_180430,651_52_180528
U1554Z301,U1554Z1,1,1309_72_180430,651_54_180528
U1554Z301,U1554Z1,1,1309_103_180430,651_59_180604
U1554Z301,U1554Z1,1,1309_75_180430,651_61_180609
U1554Z301,U1554Z1,1,1309_50_180430,651_63_180609
U1554Z301,U1554Z1,1,1309_66_180430,651_65_180609
U1554Z301,U1554Z1,1,1309_83_180430,651_67_180609
U1554Z301,U1554Z1,1,1309_24_180430,651_69_180609
U1978Z1,U1978Z1,1,387_26_180430,652_2_180525
U1978Z1,U1978Z1,1,381_51_180501,652_6_180430
U1982Z1,U1982Z3,1,381_2_180430,652_12_180430
U2046Z2,U2046Z2,1,383_3_180430,653_2_180430
U2059Z1,U2059Z3,1,490_28_180604,653_4_180430
U2059Z1,U2059Z3,1,490_5_180604,653_8_180430
U2016Z1,U2016Z1,1,381_68_180502,654_1_180430
U2029Z1,U2029Z1,1,382_17_180514,654_8_180430
U2016Z1,U2016Z1,1,381_51_180501,654_9_180430
U2029Z1,U2029Z1,1,382_4_180430,654_10_180430
U2016Z1,U2016Z1,1,381_63_180501,654_11_180430
U2029Z1,U2029Z1,1,382_10_180430,654_12_180430
U1978Z2,U1978Z1,1,659_17_180430,654_13_180430
U2016Z1,U2016Z1,1,381_82_180602,654_24_180505
U1610Z301,U1610Z2,1,1301_63_180430,655_2_180430
U2349Z301,U2349Z2,1,1322_23_180430,655_2_180430
U2349Z301,U2349Z1,1,1322_74_180430,655_4_180430
U2349Z301,U2349Z2,1,1302_54_180430,655_5_180430
U2349Z301,U2349Z1,1,1322_19_180430,655_7_180430
U2349Z301,U2349Z2,1,1322_76_180430,655_8_180430
U2349Z301,U2349Z1,1,1322_53_180430,655_9_180430
U1610Z301,U1610Z2,1,1301_7_180430,655_10_180430
U2349Z301,U2349Z2,1,1322_70_180430,655_10_180430
U2349Z301,U2349Z1,1,1322_35_180430,655_16_180430
U1610Z301,U1610Z2,1,1307_119_180430,655_18_180430
U2349Z301,U2349Z1,1,1322_76_180430,655_19_180430
U1610Z301,U1610Z2,1,1301_20_180430,655_20_180430
U2349Z301,U2349Z2,1,1322_53_180430,655_20_180430
U2349Z301,U2349Z1,1,1322_70_180430,655_21_180430
U2349Z301,U2349Z2,1,1322_31_180430,655_22_180430
U1610Z301,U1610Z2,1,1301_9_180430,655_24_180430
U2349Z301,U2349Z2,1,1322_9_180430,655_24_180430
U1610Z301,U1610Z2,1,1301_11_180430,655_27_180430
U2349Z301,U2349Z2,1,1322_57_180430,655_27_180430
U2349Z301,U2349Z2,1,1302_18_180430,655_33_180430
U2349Z301,U2349Z1,1,1322_31_180430,655_34_180430
U1610Z301,U1610Z2,1,1301_22_180430,655_35_180430
U2349Z301,U2349Z2,1,1322_43_180430,655_35_180430
U1610Z301,U1610Z2,1,1301_24_180430,655_37_180430
U2349Z301,U2349Z2,1,1322_80_180430,655_37_180430
U2349Z301,U2349Z1,1,1322_57_180430,655_38_180430
U2349Z301,U2349Z1,1,1322_39_180430,655_39_180501
U2349Z301,U2349Z2,1,1302_76_180501,655_40_180501
U2349Z301,U2349Z1,1,1322_76_180430,655_41_180501
U2349Z301,U2349Z2,1,1322_53_180430,655_42_180501
U2349Z301,U2349Z2,1,1322_31_180430,655_44_180501
U2349Z301,U2349Z1,1,1322_80_180430,655_45_180501
U2349Z301,U2349Z2,1,1302_9_180430,655_46_180501
U2349Z301,U2349Z1,1,1322_19_180430,655_52_180611
U2349Z301,U2349Z2,1,1322_76_180430,655_53_180611
U2349Z301,U2349Z1,1,1322_53_180430,655_9_180611
U1610Z301,U1610Z2,1,1301_7_180430,655_10_180611
U2349Z301,U2349Z2,1,1322_70_180430,655_10_180611
U2349Z301,U2349Z1,1,1322_31_180430,655_34_180611
U1610Z301,U1610Z2,1,1301_22_180430,655_35_180611
U2349Z301,U2349Z2,1,1322_43_180430,655_35_180611
U1610Z301,U1610Z2,1,1301_9_180430,655_24_180611
U2349Z301,U2349Z2,1,1322_9_180430,655_24_180611
U1610Z301,U1610Z2,1,1301_24_180430,655_37_180611
U2349Z301,U2349Z2,1,1322_80_180430,655_37_180611
U2349Z301,U2349Z1,1,1322_76_180430,655_19_180611
U1610Z301,U1610Z2,1,1301_20_180430,655_20_180611
U2349Z301,U2349Z2,1,1322_53_180430,655_20_180611
U1610Z301,U1610Z2,1,1301_63_180430,655_2_180611
U2349Z301,U2349Z2,1,1322_23_180430,655_2_180611
U1610Z301,U1610Z2,1,1301_11_180430,655_27_180611
U2349Z301,U2349Z2,1,1322_57_180430,655_27_180611
U2269Z301,U2269Z2,1,1301_47_180430,659_3_180430
U2016Z1,U2016Z1,1,387_14_180430,659_4_180430
U2269Z301,U2269Z2,1,1301_65_180430,659_5_180430
U2016Z1,U2016Z1,1,387_32_180430,659_6_180525
U2269Z301,U2269Z2,1,1301_74_180430,659_7_180525
U2016Z1,U2016Z1,1,387_26_180430,659_8_180430
U2016Z1,U2016Z1,1,381_51_180501,659_9_180430
U2269Z301,U2269Z2,1,1301_22_180430,659_10_180430
U2269Z301,U2269Z2,1,1301_63_180430,659_15_180430
U2269Z301,U2269Z2,1,1301_24_180430,659_17_180430
U2269Z301,U2269Z2,1,1301_72_180430,659_19_180430
U2269Z301,U2269Z2,1,1301_11_180430,659_27_180430
U2016Z1,U2016Z1,1,381_59_180501,659_28_180501
U2016Z1,U2016Z1,1,381_59_180505,659_28_180501
U2269Z301,U2269Z2,1,1301_87_180501,659_29_180501
U2269Z301,U2269Z2,1,1301_72_180430,659_19_180501
U2016Z1,U2016Z2,1,652_1_180430,660_3_180529
U2269Z301,U2269Z2,1,1301_32_180430,660_4_180430
U2269Z301,U2269Z2,1,1301_36_180430,660_6_180430
U2269Z301,U2269Z2,1,1301_38_180430,660_8_180430
U2269Z301,U2269Z2,1,1301_49_180430,660_10_180501
U2269Z301,U2269Z2,1,1301_85_180501,660_10_180501
U2269Z301,U2269Z2,1,1301_34_180430,660_11_180601
U2269Z301,U2269Z2,1,1301_76_180430,660_15_180430
U2269Z301,U2269Z2,1,1301_40_180430,660_17_180601
U2269Z301,U2269Z2,1,1301_80_180430,660_21_180601
U2269Z301,U2269Z2,1,1301_89_180501,660_21_180601
U2269Z301,U2269Z2,1,1301_51_180430,660_23_180601
U2269Z301,U2269Z2,1,1301_74_180430,660_29_180505
U2269Z301,U2269Z1,1,1301_80_180430,661_40_180528
U1451Z3,U1451Z3,1,429_10_180430,661_41_180528
U2269Z301,U2269Z1,1,1301_47_180430,661_8_180528
U2269Z301,U2269Z1,1,1301_59_180430,661_43_180528
U1451Z3,U1451Z3,1,429_12_180430,661_48_180528
U1278Z1,U1278Z31,1,398_54_180509,661_49_180528
U1278Z1,U1278Z31,1,398_60_180509,661_51_180528
U2269Z301,U2269Z1,1,1307_122_180430,661_52_180528
U1278Z1,U1278Z31,1,398_31_180509,661_53_180528
U2269Z301,U2269Z1,1,1307_124_180430,661_54_180528
U1278Z1,U1278Z31,1,398_38_180430,661_56_180528
U1278Z1,U1278Z31,1,398_34_180509,661_57_180528
U2269Z301,U2269Z1,1,1301_65_180430,661_58_180528
U2269Z301,U2269Z1,1,1301_7_180430,661_59_180528
U1278Z1,U1278Z31,1,398_4_180509,661_60_180528
U2269Z301,U2269Z1,1,1307_107_180430,661_61_180528
U1278Z1,U1278Z31,1,398_44_180509,661_62_180528
U2269Z301,U2269Z1,1,1307_131_180430,661_63_180528
U2269Z301,U2269Z1,1,1301_7_180430,661_59_180602
U2269Z301,U2269Z1,1,1301_63_180430,661_70_180602
U2269Z301,U2269Z1,1,1301_13_180430,661_72_180602
U1278Z2,U1278Z2,1,398_47_180509,662_3_180514
U1278Z1,U1278Z3,1,398_38_180430,662_4_180514
U2269Z301,U2269Z6,1,1301_9_180430,662_5_180514
U1278Z2,U1278Z2,1,398_43_180528,662_5_180514
U1278Z1,U1278Z3,1,398_14_180509,662_6_180514
U2269Z301,U2269Z4,1,1301_63_180430,662_8_180430
U2269Z301,U2269Z4,1,1301_24_180430,662_10_180430
U2269Z301,U2269Z4,1,1301_9_180430,662_15_180514
U2269Z301,U2269Z6,1,1301_65_180430,662_16_180514
U1278Z1,U1278Z3,1,398_22_180509,662_17_180514
U2269Z301,U2269Z6,1,1301_59_180430,662_18_180514
U1278Z2,U1278Z2,1,398_11_180528,662_18_180514
U1278Z1,U1278Z3,1,398_54_180509,662_19_180514
U2269Z301,U2269Z4,1,1301_7_180430,662_19_180514
U2269Z301,U2269Z6,1,1301_24_180430,662_21_180514
U1278Z2,U1278Z2,1,398_55_180528,662_21_180514
U1278Z1,U1278Z3,1,398_34_180509,662_22_180514
U2269Z301,U2269Z4,1,1301_65_180430,662_22_180514
U1278Z1,U1278Z3,1,398_52_180509,662_23_180514
U2269Z301,U2269Z4,1,1301_59_180430,662_25_180430
U1278Z2,U1278Z2,1,398_3_180528,662_28_180514
U1278Z1,U1278Z3,1,398_18_180509,662_29_180514
U2269Z301,U2269Z6,1,1301_63_180430,662_30_180514
U1278Z2,U1278Z2,1,398_30_180528,662_30_180514
U1278Z1,U1278Z3,1,398_20_180509,662_31_180512
U1278Z1,U1278Z3,1,398_20_180505,662_31_180512
U1278Z1,U1278Z3,1,398_20_180501,662_31_180512
U2269Z301,U2269Z4,1,1301_11_180430,662_31_180512
U2269Z301,U2269Z6,1,1301_7_180430,662_33_180514
U1278Z2,U1278Z2,1,398_59_180528,662_33_180514
U1278Z1,U1278Z3,1,398_29_180509,662_34_180512
U1278Z1,U1278Z3,1,398_78_180505,662_34_180512
U2269Z301,U2269Z4,1,1301_22_180430,662_34_180512
U1278Z2,U1278Z2,1,398_1_180528,662_35_180514
U2269Z301,U2269Z4,1,1301_3_180430,662_96_180505
U2269Z301,U2269Z6,1,1301_59_180430,662_38_180512
U2269Z301,U2269Z6,1,1301_11_180430,662_39_180512
U1278Z1,U1278Z3,1,398_75_180505,662_40_180512
U1278Z1,U1278Z3,1,398_66_180501,662_40_180512
U2269Z301,U2269Z4,1,1301_26_180430,662_40_180512
U1278Z1,U1278Z3,1,398_76_180505,662_42_180512
U1278Z1,U1278Z3,1,398_68_180501,662_42_180512
U1278Z1,U1278Z3,1,398_38_180501,662_43_180512
U2269Z301,U2269Z4,1,1301_59_180430,662_43_180512
U2269Z301,U2269Z6,1,1301_22_180430,662_44_180512
U9176Z2,U9176Z1,1,467_118_180530,668_5_180430
U9176Z2,U9176Z1,1,467_131_180530,668_7_180430
U2815Z301,U2815Z1,1,1303_28_180430,668_10_180430
U2815Z301,U2815Z1,1,1221_6_180430,668_12_180430
U9176Z1,U9176Z1,1,467_122_180530,668_14_180430
U9176Z1,U9176Z1,1,467_124_180530,668_16_180430
U9176Z1,U9176Z1,1,467_130_180530,668_18_180430
U9176Z1,U9176Z1,1,467_119_180530,668_20_180430
U9176Z1,U9176Z1,1,467_109_180530,668_22_180430
U2815Z301,U2815Z1,1,1221_10_180430,668_24_180501
U9176Z2,U9176Z1,1,467_132_180602,668_24_180501
U9176Z2,U9176Z1,1,467_137_180616,668_24_180501
U2815Z301,U2815Z1,1,1221_2_180430,668_26_180501
U9176Z2,U9176Z1,1,467_133_180602,668_26_180501
U9176Z2,U9176Z1,1,467_139_180616,668_26_180501
U2815Z301,U2815Z1,1,1221_8_180430,668_28_180501
U9176Z2,U9176Z1,1,467_134_180602,668_28_180501
U9176Z2,U9176Z1,1,467_141_180616,668_28_180501
U2518Z301,U2518Z2,1,1308_24_180430,742_12_180430
U2518Z301,U2518Z2,1,1308_3_180430,742_14_180430
U2518Z301,U2518Z2,1,1388_18_180430,742_16_180430
U2518Z301,U2518Z2,1,1308_37_180430,742_18_180430
U2518Z301,U2518Z2,1,1388_14_180430,742_20_180430
U2518Z301,U2518Z2,1,1308_12_180430,742_22_180430
U2518Z301,U2518Z2,1,1308_10_180430,742_24_180430
U2518Z301,U2518Z2,1,1388_22_180430,742_26_180430
U2518Z301,U2518Z2,1,1308_26_180430,742_28_180430
U2518Z301,U2518Z2,1,1388_20_180430,742_30_180430
U2518Z301,U2518Z2,1,1308_14_180430,742_32_180430
